ID,Name,Macroarea,Latitude,Longitude,Glottocode,ISO639P3code,Language_Name,geographicRegion,country,samplesize,Average_SNP_count,LanguageFamily_Glottocode,LanguageFamily,curation_notes_linguistics,curation_notes_genetics,Source,Panel_ID
HumanOrigins_AutosomalSNP-1,Abazin,,44.15,42.2,abaz1241,,Abaza,EURASIA,Russia,10,588954.0,abkh1242,Abkhaz-Adyge,automatically assigned by Robert F,,Jeong_2019,HumanOrigins_AutosomalSNP
HumanOrigins_AutosomalSNP-2,Abkhasian,,43.003333,41.015278,abkh1244,,Abkhaz,EURASIA,Abkhazia,9,596356.0,abkh1242,Abkhaz-Adyge,automatically assigned by Robert F,,LazaridisNature2014,HumanOrigins_AutosomalSNP
HumanOrigins_AutosomalSNP-3,Adygei,,44,39,adyg1241,,Adyghe,EURASIA,Russia(Caucasus),18,596119.5,abkh1242,Abkhaz-Adyge,automatically assigned by Robert F,,PattersonGenetics2012,HumanOrigins_AutosomalSNP
HumanOrigins_AutosomalSNP-4,Afar_WGA,,11.8,41.4,afar1241,,Afar,AFRICA,Ethiopia,5,595682.0,afro1255,Afro-Asiatic,automatically assigned by Robert F,,LazaridisNature2014,HumanOrigins_AutosomalSNP
HumanOrigins_AutosomalSNP-5,Albanian,,41.33,19.83,alba1267,,Albanian,EURASIA,Albania,6,596143.0,indo1319,Indo-European,correct by Chiara,,LazaridisNature2014,HumanOrigins_AutosomalSNP
HumanOrigins_AutosomalSNP-6,Aleut,,55.18,166,aleu1260,,Aleut,EURASIA,Russia,6,596737.5,eski1264,Eskimo-Aleut,automatically assigned by Robert F,,LazaridisNature2014,HumanOrigins_AutosomalSNP
HumanOrigins_AutosomalSNP-7,Algerian,,36.75,3.04,alge1239,,Algerian Arabic,AFRICA,Algeria,5,596145.0,afro1255,Afro-Asiatic,correct by Harald,,LazaridisNature2014,HumanOrigins_AutosomalSNP
HumanOrigins_AutosomalSNP-8,Algonquin,,48.4,-71.1,algo1255,,Algonquin,AMERICAS,Canada,9,595764.0,algi1248,Algic,automatically assigned by Robert F,,LazaridisNature2014,HumanOrigins_AutosomalSNP
HumanOrigins_AutosomalSNP-9,Altaian,,51.9,85.95,sout2694,,Southern Altai,EURASIA,Russia,7,596202.0,turk1311,Turkic,automatically assigned by Robert F,,LazaridisNature2014,HumanOrigins_AutosomalSNP
HumanOrigins_AutosomalSNP-10,Altaian_Chelkans,,52.33,86.97,chel1242,,Chelkan,EURASIA,Russia,7,584760.0,turk1311,Turkic,correct by Harald,,Jeong_2019,HumanOrigins_AutosomalSNP
HumanOrigins_AutosomalSNP-11,Altaian_Kizhi,,50.7,86.38,tuba1280,,Tuba-Kizi,EURASIA,Russia,12,585159.5,turk1311,Turkic,correct by Harald,,Jeong_2019,HumanOrigins_AutosomalSNP
HumanOrigins_AutosomalSNP-12,Altaian_Telengit,,50.03,88.5,tala1279,,Telengit,EURASIA,Russia,6,585001.0,turk1311,Turkic,automatically assigned by Robert F,,Jeong_2019,HumanOrigins_AutosomalSNP
HumanOrigins_AutosomalSNP-13,Ami,,22.8,121.2,amis1246,,Amis,SOUTHEAST_ASIA,Taiwan,10,596311.0,aust1307,Austronesian,Correct by Harald,,LazaridisNature2014,HumanOrigins_AutosomalSNP
HumanOrigins_AutosomalSNP-14,Armenian,,40.193561,44.545441,nucl1235,,Eastern Armenian,EURASIA,Armenia,11,596524.0,indo1319,Indo-European,automatically assigned by Robert F,,LazaridisNature2014,HumanOrigins_AutosomalSNP
HumanOrigins_AutosomalSNP-15,Armenian_Hemsheni,,41,39.7,hams1240,,Hamshenic,EURASIA,Russia,8,588780.5,indo1319,Indo-European,automatically assigned by Robert F,,Jeong_2019,HumanOrigins_AutosomalSNP
HumanOrigins_AutosomalSNP-16,Ashkenazi_Jew,,52.233333,21.016667,east2295,,Eastern Yiddish,EURASIA,Poland,8,596170.0,indo1319,Indo-European,correct by Harald,,LazaridisNature2014,HumanOrigins_AutosomalSNP
HumanOrigins_AutosomalSNP-17,Assyrian,,,,assy1241,,Assyrian Neo-Aramaic,EURASIA,Turkey_Iran_Iraq,11,590547.0,afro1255,Afro-Asiatic,automatically assigned by Robert F,,LazaridisNature2016,HumanOrigins_AutosomalSNP
HumanOrigins_AutosomalSNP-18,Assyrian_WGA,,40.3,44.6,assy1241,,Assyrian Neo-Aramaic,EURASIA,Armenia,5,590258.0,afro1255,Afro-Asiatic,automatically assigned by Robert F,,LazaridisNature2014,HumanOrigins_AutosomalSNP
HumanOrigins_AutosomalSNP-19,Ata_Uassilau,,-5.577338,150.885841,pele1245,,Pele-Ata,OCEANIA,Papua_New_Guinea,5,590562.0,pele1245,Pele-Ata,checked by Chiara,,SkoglundNature2016,HumanOrigins_AutosomalSNP
HumanOrigins_AutosomalSNP-20,Atayal,,24.6,121.3,atay1247,,Atayal,SOUTHEAST_ASIA,Taiwan,10,596350.5,aust1307,Austronesian,automatically assigned by Robert F,,LazaridisNature2014,HumanOrigins_AutosomalSNP
HumanOrigins_AutosomalSNP-21,Avar_Gunibsky,,41.22,48.3,avar1256,,Avar,EURASIA,Russia,5,589278.0,nakh1245,Nakh-Daghestanian,automatically assigned by Robert F,,Jeong_2019,HumanOrigins_AutosomalSNP
HumanOrigins_AutosomalSNP-22,Avar_Unchukulsky,,42.41,46.43,avar1256,,Avar,EURASIA,Russia,5,589361.0,nakh1245,Nakh-Daghestanian,automatically assigned by Robert F,,Jeong_2019,HumanOrigins_AutosomalSNP
HumanOrigins_AutosomalSNP-23,Aymara,,-16.5,-68.2,sout2996,,Southern Aymara,AMERICAS,Bolivia,5,594895.0,ayma1253,Aymaran,Correct by Harald,,LazaridisNature2014,HumanOrigins_AutosomalSNP
HumanOrigins_AutosomalSNP-24,Azeri_Azerbajan,,40.06,47.19,nort2697,,North Azerbaijani,EURASIA,Azerbaijan,9,588316.0,turk1311,Turkic,automatically assigned by Robert F,,Jeong_2019,HumanOrigins_AutosomalSNP
HumanOrigins_AutosomalSNP-25,Azeri_Dagestan,,42.2,48.23,nort2697,,North Azerbaijani,EURASIA,Russia,7,589110.0,turk1311,Turkic,automatically assigned by Robert F,,Jeong_2019,HumanOrigins_AutosomalSNP
HumanOrigins_AutosomalSNP-26,Baining_Marabu,,-4.633,152.3,bain1263,,Baining,OCEANIA,Papua_New_Guinea,10,590396.0,bain1263,Baining,checked by Chiara,The populations appear genetically drifted (median FST and median regional FST above 0.1). Consider excluding from local pairwise comparisons ,SkoglundNature2016,HumanOrigins_AutosomalSNP
HumanOrigins_AutosomalSNP-27,Bajo,,-3.967489,122.5947,indo1317,,Indonesian Bajau,SOUTHEAST_ASIA,Indonesia,10,585463.0,aust1307,Austronesian,checked by Chiara,,SkoglundNature2016,HumanOrigins_AutosomalSNP
HumanOrigins_AutosomalSNP-28,Balkar,,43.483333,43.616667,kara1465,,Karachay-Balkar,EURASIA,Russia,10,596704.5,turk1311,Turkic,automatically assigned by Robert F,,LazaridisNature2014,HumanOrigins_AutosomalSNP
HumanOrigins_AutosomalSNP-29,Balochi,,30.498715,66.5,east2304,,Eastern Balochi,EURASIA,Pakistan,24,596458.0,indo1319,Indo-European,automatically assigned by Robert F,,PattersonGenetics2012,HumanOrigins_AutosomalSNP
HumanOrigins_AutosomalSNP-30,Bashkir_Burzjan_Baimaksky,,52.58,58.32,burz1239,,Burzhan,EURASIA,Russia,8,585104.0,turk1311,Turkic,automatically assigned by Robert F,,Jeong_2019,HumanOrigins_AutosomalSNP
HumanOrigins_AutosomalSNP-31,Bashkir_IkskoBelsky_Kyrgyz,,55.43,54.32,bash1264,,Bashkir,EURASIA,Russia,6,589194.0,turk1311,Turkic,automatically assigned by Robert F,,Jeong_2019,HumanOrigins_AutosomalSNP
HumanOrigins_AutosomalSNP-32,Bashkir_IkskoBelsky_Uran,,56.27,54.08,bash1264,,Bashkir,EURASIA,Russia,8,585437.0,turk1311,Turkic,automatically assigned by Robert F,,Jeong_2019,HumanOrigins_AutosomalSNP
HumanOrigins_AutosomalSNP-33,Bashkir_Ming_Miyakinsky,,54.9,55.03,bash1264,,Bashkir,EURASIA,Russia,9,584863.0,turk1311,Turkic,automatically assigned by Robert F,,Jeong_2019,HumanOrigins_AutosomalSNP
HumanOrigins_AutosomalSNP-34,Bashkir_North_Tabyn_Balysky,,54.52,56.93,bash1264,,Bashkir,EURASIA,Russia,7,588784.0,turk1311,Turkic,automatically assigned by Robert F,,Jeong_2019,HumanOrigins_AutosomalSNP
HumanOrigins_AutosomalSNP-35,Bashkir_Tamyan_Kypcak,,52.67,56.55,bash1264,,Bashkir,EURASIA,Russia,7,584835.0,turk1311,Turkic,automatically assigned by Robert F,,Jeong_2019,HumanOrigins_AutosomalSNP
HumanOrigins_AutosomalSNP-36,Basque,,43,0,basq1248,,Basque,EURASIA,France,22,595452.5,basq1248,Basque,automatically assigned by Robert F,,PattersonGenetics2012,HumanOrigins_AutosomalSNP
HumanOrigins_AutosomalSNP-37,BedouinA,,31,35,east2690,,Eastern Egyptian Bedawi Arabic,EURASIA,Israel,24,596429.0,afro1255,Afro-Asiatic,checked by Damian,,PattersonGenetics2012,HumanOrigins_AutosomalSNP
HumanOrigins_AutosomalSNP-38,BedouinB,,31,35,east2690,,Eastern Egyptian Bedawi Arabic,EURASIA,Israel,20,596195.5,afro1255,Afro-Asiatic,checked by Damian,,PattersonGenetics2012,HumanOrigins_AutosomalSNP
HumanOrigins_AutosomalSNP-39,Belarusian,,53.919854,28.011932,bela1254,,Belarusian,EURASIA,Belarus,10,596127.0,indo1319,Indo-European,automatically assigned by Robert F,,LazaridisNature2014,HumanOrigins_AutosomalSNP
HumanOrigins_AutosomalSNP-40,Bengali,,23.7,90.4,beng1280,,Bengali,EURASIA,Bangladesh,7,596420.0,indo1319,Indo-European,automatically assigned by Robert F,,LazaridisNature2014,HumanOrigins_AutosomalSNP
HumanOrigins_AutosomalSNP-41,Bergamo,,45.695131,9.680723,ital1282,,Italian,EURASIA,Italy,13,596370.0,indo1319,Indo-European,checked by Chiara,,PattersonGenetics2012,HumanOrigins_AutosomalSNP
HumanOrigins_AutosomalSNP-42,Besermyan,,58.01,52.09,bese1243,,Besermyan,EURASIA,Russia,6,589410.0,ural1272,Uralic,automatically assigned by Robert F,,Jeong_2019,HumanOrigins_AutosomalSNP
HumanOrigins_AutosomalSNP-43,BiakaPygmy,,4,17,yaka1272,,Yaka (Central African Republic),AFRICA,Central_African_Republic,23,593921.0,atla1278,Atlantic-Congo,general check ok,,PattersonGenetics2012,HumanOrigins_AutosomalSNP
HumanOrigins_AutosomalSNP-44,Brahmin_Tiwari,,21.9,83.4,chha1249,,Chhattisgarhi,EURASIA,India,15,595961.0,indo1319,Indo-European,correct by Harald,,LazaridisNature2014,HumanOrigins_AutosomalSNP
HumanOrigins_AutosomalSNP-45,Brahui,,30.498715,66.5,brah1256,,Brahui,EURASIA,Pakistan,23,596656.0,drav1251,Dravidian,automatically assigned by Robert F,,PattersonGenetics2012,HumanOrigins_AutosomalSNP
HumanOrigins_AutosomalSNP-46,Buka,,-5.422,154.673,buka1262,,Buka,OCEANIA,Papua_New_Guinea,5,588121.0,aust1307,Austronesian,checked by Chiara,,SkoglundNature2016,HumanOrigins_AutosomalSNP
HumanOrigins_AutosomalSNP-47,Bulgarian,,42.163403,24.741211,bulg1262,,Bulgarian,EURASIA,Bulgaria,10,596114.0,indo1319,Indo-European,correct by Chiara,,LazaridisNature2014,HumanOrigins_AutosomalSNP
HumanOrigins_AutosomalSNP-48,Burbur_WGA,,33.5,5.1,taga1278,,Ouargli,AFRICA,Morocco,5,589771.0,afro1255,Afro-Asiatic,automatically assigned by Robert F,,LazaridisNature2014,HumanOrigins_AutosomalSNP
HumanOrigins_AutosomalSNP-49,Burmese,,17.96,96.72,nucl1310,,Burmese,SOUTHEAST_ASIA,Myanmar,10,590458.5,sino1245,Sino-Tibetan,checked by Chiara,,SkoglundNature2016,HumanOrigins_AutosomalSNP
HumanOrigins_AutosomalSNP-50,Burusho,,36.498386,74,buru1296,,Burushaski,EURASIA,Pakistan,24,594306.0,buru1296,Burushaski,general check ok,,PattersonGenetics2012,HumanOrigins_AutosomalSNP
HumanOrigins_AutosomalSNP-51,Buryat_Buryatya_Horinsky_Selenginsky,,52.61,109.85,russ1264,,Russia Buriat,EURASIA,Russia,5,584592.0,mong1349,Mongolic-Khitan,automatically assigned by Robert F,,Jeong_2019,HumanOrigins_AutosomalSNP
HumanOrigins_AutosomalSNP-52,Buryat_Buryatya_Zakamensky,,50.88,103.43,russ1264,,Russia Buriat,EURASIA,Russia,6,585589.0,mong1349,Mongolic-Khitan,automatically assigned by Robert F,,Jeong_2019,HumanOrigins_AutosomalSNP
HumanOrigins_AutosomalSNP-53,Buryat_Irkutskaya,,57.3,105.69,russ1264,,Russia Buriat,EURASIA,Russia,12,586724.5,mong1349,Mongolic-Khitan,automatically assigned by Robert F,,Jeong_2019,HumanOrigins_AutosomalSNP
HumanOrigins_AutosomalSNP-54,Buryat_Zabaikalsky_Aginsky,,51.11,114.54,russ1264,,Russia Buriat,EURASIA,Russia,12,586590.5,mong1349,Mongolic-Khitan,automatically assigned by Robert F,,Jeong_2019,HumanOrigins_AutosomalSNP
HumanOrigins_AutosomalSNP-55,Cambodian,,12,105,cent1989,,Central Khmer,SOUTHEAST_ASIA,Cambodia,10,594478.5,aust1305,Austroasiatic,correct by Harald,,PattersonGenetics2012,HumanOrigins_AutosomalSNP
HumanOrigins_AutosomalSNP-56,Cameroon_Aghem,,6.3834,10.0664,aghe1239,,Aghem,AFRICA,Cameroon,28,556609.5,atla1278,Atlantic-Congo,checked by Chiara,,Lipson_2020,HumanOrigins_AutosomalSNP
HumanOrigins_AutosomalSNP-57,Cameroon_Bafut,,6.0861,10.1314,bafu1246,,Bafut,AFRICA,Cameroon,11,556180.0,atla1278,Atlantic-Congo,checked by Chiara,,Lipson_2020,HumanOrigins_AutosomalSNP
HumanOrigins_AutosomalSNP-58,Cameroon_Mbo,,5.3495,9.8345,mboc1235,,Mbo (Cameroon),AFRICA,Cameroon,18,555526.0,atla1278,Atlantic-Congo,checked by Chiara,,Lipson_2020,HumanOrigins_AutosomalSNP
HumanOrigins_AutosomalSNP-59,Chechen,,43.333333,45.65,chec1245,,Chechen,EURASIA,Russia,9,596269.0,nakh1245,Nakh-Daghestanian,automatically assigned by Robert F,,LazaridisNature2014,HumanOrigins_AutosomalSNP
HumanOrigins_AutosomalSNP-60,Chipewyan,,59.6,-107.3,chip1261,,Chipewyan,AMERICAS,Canada,26,596318.0,atha1245,Athabaskan-Eyak-Tlingit,automatically assigned by Robert F,,LazaridisNature2014,HumanOrigins_AutosomalSNP
HumanOrigins_AutosomalSNP-61,Chukchi,,69,169,chuk1273,,Chukchi,EURASIA,Russia,15,596170.0,chuk1271,Chukotko-Kamchatkan,automatically assigned by Robert F,The populations appear genetically drifted (median FST and median regional FST above 0.1). Consider excluding from local pairwise comparisons ,LazaridisNature2014,HumanOrigins_AutosomalSNP
HumanOrigins_AutosomalSNP-62,Chukchi_Ayon,,69.9,168,chuk1273,,Chukchi,EURASIA,Russia,10,597089.0,chuk1271,Chukotko-Kamchatkan,automatically assigned by Robert F,,LazaridisNature2014,HumanOrigins_AutosomalSNP
HumanOrigins_AutosomalSNP-63,Chuvash,,56.110278,47.251111,chuv1255,,Chuvash,EURASIA,Russia,10,596454.0,turk1311,Turkic,automatically assigned by Robert F,,LazaridisNature2014,HumanOrigins_AutosomalSNP
HumanOrigins_AutosomalSNP-64,Chuvash_Tatarstan,,54.75,47.78,chuv1255,,Chuvash,EURASIA,Russia,6,589400.5,turk1311,Turkic,automatically assigned by Robert F,,Jeong_2019,HumanOrigins_AutosomalSNP
HumanOrigins_AutosomalSNP-65,Circassian,,44.2,41.83,circ1239,,Circassian,EURASIA,Russia,9,588791.0,abkh1242,Abkhaz-Adyge,automatically assigned by Robert F,,Jeong_2019,HumanOrigins_AutosomalSNP
HumanOrigins_AutosomalSNP-66,Cocama,,-4.133544,-69.981905,coca1260,,Cocama,AMERICAS,Colombia,7,596410.0,tupi1275,Tupian,correct by Chiara,,Barbieri_2018,HumanOrigins_AutosomalSNP
HumanOrigins_AutosomalSNP-67,Cree,,50.3,-102.5,cree1272,,Cree,AMERICAS,Canada,12,596247.5,algi1248,Algic,automatically assigned by Robert F,,LazaridisNature2014,HumanOrigins_AutosomalSNP
HumanOrigins_AutosomalSNP-68,Croatian,,43.513,16.446,croa1245,,Croatian Standard,EURASIA,Croatia,10,595538.5,indo1319,Indo-European,correct by Chiara,,LazaridisNature2014,HumanOrigins_AutosomalSNP
HumanOrigins_AutosomalSNP-69,Cusco2,,-13.5237,-71.9724,cusc1236,,Cusco Quechua,AMERICAS,Peru,7,596425.0,quec1387,Quechuan,correct by Chiara,,Barbieri_2018,HumanOrigins_AutosomalSNP
HumanOrigins_AutosomalSNP-70,Cypriot,,35.13,33.43,cypr1248,,Cypriot Arabic,EURASIA,Cyprus,8,596390.5,afro1255,Afro-Asiatic,automatically assigned by Robert F,,LazaridisNature2014,HumanOrigins_AutosomalSNP
HumanOrigins_AutosomalSNP-71,Czech,,50.1,14.4,czec1258,,Czech,EURASIA,Czechoslovia(pre1989),10,596160.0,indo1319,Indo-European,automatically assigned by Robert F,,LazaridisNature2014,HumanOrigins_AutosomalSNP
HumanOrigins_AutosomalSNP-72,Dai,,21,100,luuu1242,,Lü,EURASIA,China,10,596304.0,taik1256,Tai-Kadai,correct by Harald - checked by Chiara,,PattersonGenetics2012,HumanOrigins_AutosomalSNP
HumanOrigins_AutosomalSNP-73,Damara,,-19.830184,16.225739,nama1264,,Nama (Namibia),AFRICA,Namibia,13,595145.0,khoe1240,Khoe-Kwadi,automatically assigned by Robert F,,PickrellNatureCommunications2012,HumanOrigins_AutosomalSNP
HumanOrigins_AutosomalSNP-74,Darginian,,42.18,47.22,darg1241,,North-Central Dargwa,EURASIA,Russia,8,589083.0,nakh1245,Nakh-Daghestanian,assigned by Chiara,,Jeong_2019,HumanOrigins_AutosomalSNP
HumanOrigins_AutosomalSNP-75,Daur,,48.497534,124,daur1238,,Dagur,EURASIA,China,9,595156.0,mong1349,Mongolic-Khitan,automatically assigned by Robert F,,PattersonGenetics2012,HumanOrigins_AutosomalSNP
HumanOrigins_AutosomalSNP-76,Dinka,,8.783333,27.4,dink1262,,Dinka,AFRICA,Sudan,10,594160.5,nilo1247,Nilotic,automatically assigned by Robert F,,LazaridisNature2014,HumanOrigins_AutosomalSNP
HumanOrigins_AutosomalSNP-77,Druze,,32,35,sout3123,,South Levantine Arabic,EURASIA,Israel,42,595536.0,afro1255,Afro-Asiatic,general check ok,,PattersonGenetics2012,HumanOrigins_AutosomalSNP
HumanOrigins_AutosomalSNP-78,Dungan,,41.3,69.27,dung1253,,Dungan,EURASIA,Uzbekistan,13,589077.0,sino1245,Sino-Tibetan,assigned by Chiara,,Jeong_2019,HumanOrigins_AutosomalSNP
HumanOrigins_AutosomalSNP-79,Dusun,,4.71,114.67,dusu1277,,Dusunic,SOUTHEAST_ASIA,Brunei,10,590464.5,aust1307,Austronesian,checked by Chiara,,SkoglundNature2016,HumanOrigins_AutosomalSNP
HumanOrigins_AutosomalSNP-80,Egyptian1,,31.12,30.96,egyp1253,,Egyptian Arabic,AFRICA,Egypt,11,596723.0,afro1255,Afro-Asiatic,automatically assigned by Robert F,,LazaridisNature2014,HumanOrigins_AutosomalSNP
HumanOrigins_AutosomalSNP-81,Egyptian2,,30.173625,31.234131,egyp1253,,Egyptian Arabic,AFRICA,Egypt,7,596500.0,afro1255,Afro-Asiatic,automatically assigned by Robert F,,LazaridisNature2014,HumanOrigins_AutosomalSNP
HumanOrigins_AutosomalSNP-82,English_Cornwall,,50.03,-4.9,stan1293,,English,EURASIA,GreatBritain,5,596301.0,indo1319,Indo-European,correct by Chiara,,LazaridisNature2014,HumanOrigins_AutosomalSNP
HumanOrigins_AutosomalSNP-83,English_Kent,,51.19,0.73,stan1293,,English,EURASIA,GreatBritain,5,596277.0,indo1319,Indo-European,correct by Chiara,,LazaridisNature2014,HumanOrigins_AutosomalSNP
HumanOrigins_AutosomalSNP-84,Eskimo_ChaplinSireniki,,64.48,172.86,cent2128,,Central Siberian Yupik,EURASIA,Russia,5,596481.0,eski1264,Eskimo-Aleut,correct by Harald,,LazaridisNature2014,HumanOrigins_AutosomalSNP
HumanOrigins_AutosomalSNP-85,Eskimo_Naukan,,66.02,169.71,nauk1242,,Naukan Yupik,EURASIA,Russia,15,596480.0,eski1264,Eskimo-Aleut,automatically assigned by Robert F,,LazaridisNature2014,HumanOrigins_AutosomalSNP
HumanOrigins_AutosomalSNP-86,Eskimo_Sireniki,,64.4,173.9,sire1246,,Old Sirenik,EURASIA,Russia,6,595644.5,eski1264,Eskimo-Aleut,correct by Harald,The populations appear genetically drifted (median FST and median regional FST above 0.1). Consider excluding from local pairwise comparisons ,LazaridisNature2014,HumanOrigins_AutosomalSNP
HumanOrigins_AutosomalSNP-87,Estonian,,58.539039,24.889252,esto1258,,Estonian,EURASIA,Estonia,10,596680.5,ural1272,Uralic,automatically assigned by Robert F,,LazaridisNature2014,HumanOrigins_AutosomalSNP
HumanOrigins_AutosomalSNP-88,Even,,57.53,135.88,even1260,,Even,EURASIA,Russia,9,596617.0,tung1282,Tungusic,automatically assigned by Robert F,,LazaridisNature2014,HumanOrigins_AutosomalSNP
HumanOrigins_AutosomalSNP-89,Evenk_FarEast,,54.7,135.3,even1259,,Evenki,EURASIA,Russia,5,588869.0,tung1282,Tungusic,automatically assigned by Robert F,,Jeong_2019,HumanOrigins_AutosomalSNP
HumanOrigins_AutosomalSNP-90,Evenk_Transbaikal,,56.9,118.2,even1259,,Evenki,EURASIA,Russia,11,586078.0,tung1282,Tungusic,automatically assigned by Robert F,,Jeong_2019,HumanOrigins_AutosomalSNP
HumanOrigins_AutosomalSNP-91,Ezid,,36.9,46.6,nort2641,,Northern Kurdish,EURASIA,Armenia,7,585272.0,indo1319,Indo-European,"assigned by Chiara, checked by Harald",,Jeong_2019,HumanOrigins_AutosomalSNP
HumanOrigins_AutosomalSNP-92,Finnish,,60.2,24.9,finn1318,,Finnish,EURASIA,Finland,8,596498.0,ural1272,Uralic,automatically assigned by Robert F,,LazaridisNature2014,HumanOrigins_AutosomalSNP
HumanOrigins_AutosomalSNP-93,French_Central,,46,2,stan1290,,French,EURASIA,France,26,595526.0,indo1319,Indo-European,automatically assigned by Robert F,,PattersonGenetics2012,HumanOrigins_AutosomalSNP
HumanOrigins_AutosomalSNP-94,French_East,,49.04698,6.615454,stan1290,,French,EURASIA,France,10,588419.0,indo1319,Indo-European,checked by Chiara,,LazaridisNature2014,HumanOrigins_AutosomalSNP
HumanOrigins_AutosomalSNP-95,French_Northwest,,50.461993,2.332996,stan1290,,French,EURASIA,France,10,588426.5,indo1319,Indo-European,checked by Chiara,,LazaridisNature2014,HumanOrigins_AutosomalSNP
HumanOrigins_AutosomalSNP-96,French_South,,43.09,-0.05,stan1290,,French,EURASIA,France,7,596028.0,indo1319,Indo-European,checked by Chiara,,LazaridisNature2014,HumanOrigins_AutosomalSNP
HumanOrigins_AutosomalSNP-97,French_West,,48.298794,-4.12301,stan1290,,French,EURASIA,France,10,589222.5,indo1319,Indo-European,checked by Chiara,,LazaridisNature2014,HumanOrigins_AutosomalSNP
HumanOrigins_AutosomalSNP-98,Gagauz,,45.54,28.38,gaga1249,,Gagauz,EURASIA,Moldova,9,587809.0,turk1311,Turkic,automatically assigned by Robert F,,Jeong_2019,HumanOrigins_AutosomalSNP
HumanOrigins_AutosomalSNP-99,Gambian,,13.4,16.7,mand1436,,Mandinka,AFRICA,Gambia,6,595820.0,mand1469,Mande,correct by Harald,,LazaridisNature2014,HumanOrigins_AutosomalSNP
HumanOrigins_AutosomalSNP-100,Gana,,-21.6523,23.3889,gana1274,,//Gana,AFRICA,Botswana,8,596089.0,khoe1240,Khoe-Kwadi,automatically assigned by Robert F,,PickrellNatureCommunications2012,HumanOrigins_AutosomalSNP
HumanOrigins_AutosomalSNP-101,Georgian,,42.5,41.85,nucl1302,,Georgian,EURASIA,Georgia,12,596146.0,kart1248,Kartvelian,automatically assigned by Robert F,,LazaridisNature2014,HumanOrigins_AutosomalSNP
HumanOrigins_AutosomalSNP-102,Georgian_Imeretins,,42.25,42.7,imer1248,,Imeretian,EURASIA,Georgia,6,588742.0,kart1248,Kartvelian,automatically assigned by Robert F,,Jeong_2019,HumanOrigins_AutosomalSNP
HumanOrigins_AutosomalSNP-103,Georgian_Laz,,40.93,40.84,lazz1240,,Laz,EURASIA,Turkey,6,587365.0,kart1248,Kartvelian,correct by Harald,,Jeong_2019,HumanOrigins_AutosomalSNP
HumanOrigins_AutosomalSNP-104,German_Lipsian,,51.34,12.373,stan1295,,German,EURASIA,Germany,10,589896.0,indo1319,Indo-European,correct by Chiara,,LazaridisNature2016,HumanOrigins_AutosomalSNP
HumanOrigins_AutosomalSNP-105,German_Sorb,,51.275,14.102,sorb1249,,Sorbian,EURASIA,Germany,9,589752.0,indo1319,Indo-European,correct by Chiara,,LazaridisNature2016,HumanOrigins_AutosomalSNP
HumanOrigins_AutosomalSNP-106,Greek_Athens,,37.966667,23.716667,gree1276,,Greek,EURASIA,Greece,8,596131.5,indo1319,Indo-European,correct by Chiara,,LazaridisNature2014,HumanOrigins_AutosomalSNP
HumanOrigins_AutosomalSNP-107,Greek_Thessaloniki,,40.64,22.94,gree1276,,Greek,EURASIA,Greece,14,595968.0,indo1319,Indo-European,correct by Chiara,,LazaridisNature2014,HumanOrigins_AutosomalSNP
HumanOrigins_AutosomalSNP-108,Greek_WGA,,37.9,23.7,gree1276,,Greek,EURASIA,Greece,18,590725.5,indo1319,Indo-European,correct by Chiara,,LazaridisNature2014,HumanOrigins_AutosomalSNP
HumanOrigins_AutosomalSNP-109,Guarani,,-27.5,-59,mbya1239,,Mbyá Guaraní,AMERICAS,Argentina,5,595882.0,tupi1275,Tupian,correct by Harald,,LazaridisNature2014,HumanOrigins_AutosomalSNP
HumanOrigins_AutosomalSNP-110,Guarani_GN,,-23.333333,-54.5,mbya1239,,Mbyá Guaraní,AMERICAS,Brazil,7,590305.0,tupi1275,Tupian,automatically assigned by Robert F,,SkoglundNature2015,HumanOrigins_AutosomalSNP
HumanOrigins_AutosomalSNP-111,Guarani_KW,,-23.333333,-55.2,mbya1239,,Mbyá Guaraní,AMERICAS,Brazil,9,590124.0,tupi1275,Tupian,automatically assigned by Robert F,,SkoglundNature2015,HumanOrigins_AutosomalSNP
HumanOrigins_AutosomalSNP-112,Gui,,-21.486584,23.29467,gwii1239,,/Gwi,AFRICA,Botswana,11,596042.0,khoe1240,Khoe-Kwadi,automatically assigned by Robert F,,PickrellNatureCommunications2012,HumanOrigins_AutosomalSNP
HumanOrigins_AutosomalSNP-113,GujaratiA,,23.2,72.7,guja1252,,Gujarati,EURASIA,India,5,596482.0,indo1319,Indo-European,automatically assigned by Robert F,,LazaridisNature2014,HumanOrigins_AutosomalSNP
HumanOrigins_AutosomalSNP-114,GujaratiB,,23.2,72.7,guja1252,,Gujarati,EURASIA,India,5,596934.0,indo1319,Indo-European,automatically assigned by Robert F,,LazaridisNature2014,HumanOrigins_AutosomalSNP
HumanOrigins_AutosomalSNP-115,GujaratiC,,23.2,72.7,guja1252,,Gujarati,EURASIA,India,5,596912.0,indo1319,Indo-European,automatically assigned by Robert F,,LazaridisNature2014,HumanOrigins_AutosomalSNP
HumanOrigins_AutosomalSNP-116,Hadza,,-3.8,35.3,hadz1240,,Hadza,AFRICA,Tanzania,20,596532.0,hadz1240,Hadza,automatically assigned by Robert F,,LazaridisNature2014,HumanOrigins_AutosomalSNP
HumanOrigins_AutosomalSNP-117,Hadza1,,-3.6,35.1,hadz1240,,Hadza,AFRICA,Tanzania,5,584315.0,hadz1240,Hadza,automatically assigned by Robert F,,PickrellNatureCommunications2012,HumanOrigins_AutosomalSNP
HumanOrigins_AutosomalSNP-118,Haiom,,-19.345077,16.969494,haio1238,,Hai//om-Akhoe,AFRICA,Namibia,9,594349.0,khoe1240,Khoe-Kwadi,automatically assigned by Robert F,,PickrellNatureCommunications2012,HumanOrigins_AutosomalSNP
HumanOrigins_AutosomalSNP-119,Han_HGDP,,32.265668,114,mand1415,,Mandarin Chinese,EURASIA,China,33,596300.0,sino1245,Sino-Tibetan,correct by Harald - checked by Chiara after ALFRED,,PattersonGenetics2012,HumanOrigins_AutosomalSNP
HumanOrigins_AutosomalSNP-120,Han-NChina,,32.265668,114,mand1415,,Mandarin Chinese,EURASIA,China,10,596490.0,sino1245,Sino-Tibetan,general check ok,,PattersonGenetics2012,HumanOrigins_AutosomalSNP
HumanOrigins_AutosomalSNP-121,Hazara,,33.498556,70,haza1239,,Hazaragi,EURASIA,Pakistan,22,595131.0,indo1319,Indo-European,automatically assigned by Robert F,,PattersonGenetics2012,HumanOrigins_AutosomalSNP
HumanOrigins_AutosomalSNP-122,Hezhen,,47.497619,133.5,nana1257,,Nanai,EURASIA,China,9,596449.0,tung1282,Tungusic,correct by Harald_ checked by Chiara after ALFRED,,PattersonGenetics2012,HumanOrigins_AutosomalSNP
HumanOrigins_AutosomalSNP-123,Himba,,-19.100676,14.123501,here1253,,Herero,AFRICA,Namibia,5,594569.0,atla1278,Atlantic-Congo,correct by Chiara,,PickrellNatureCommunications2012,HumanOrigins_AutosomalSNP
HumanOrigins_AutosomalSNP-124,Hoan,,-23.998918,23.435117,hoaa1235,,Amkoe,AFRICA,Botswana,6,594822.0,kxaa1236,Kxa,automatically assigned by Robert F,,PickrellNatureCommunications2012,HumanOrigins_AutosomalSNP
HumanOrigins_AutosomalSNP-125,Huancas,,-6.17391,-77.864453,chac1250,,Chachapoyas Quechua,AMERICAS,Peru,5,596534.0,quec1387,Quechuan,correct by Chiara checked by P.Heggarty,,Barbieri_2018,HumanOrigins_AutosomalSNP
HumanOrigins_AutosomalSNP-126,Hungarian1,,47.5,19.1,hung1274,,Hungarian,EURASIA,Hungary,10,596228.0,ural1272,Uralic,automatically assigned by Robert F,,LazaridisNature2014,HumanOrigins_AutosomalSNP
HumanOrigins_AutosomalSNP-127,Hungarian2,,47.487513,19.050293,hung1274,,Hungarian,EURASIA,Hungary,10,596835.0,ural1272,Uralic,automatically assigned by Robert F,,LazaridisNature2014,HumanOrigins_AutosomalSNP
HumanOrigins_AutosomalSNP-128,Icelandic,,64.133333,-21.933333,icel1247,,Icelandic,EURASIA,Iceland,12,596125.0,indo1319,Indo-European,automatically assigned by Robert F,,LazaridisNature2014,HumanOrigins_AutosomalSNP
HumanOrigins_AutosomalSNP-129,Inga,,1.368314,-76.580119,inga1252,,Colombian Inga,AMERICAS,Colombia,15,596368.0,quec1387,Quechuan,correct by Chiara,,Barbieri_2018;LazaridisNature2014,HumanOrigins_AutosomalSNP
HumanOrigins_AutosomalSNP-130,Ingushian,,43.52,44.58,ingu1240,,Ingush,EURASIA,Russia,10,588929.0,nakh1245,Nakh-Daghestanian,automatically assigned by Robert F,,Jeong_2019,HumanOrigins_AutosomalSNP
HumanOrigins_AutosomalSNP-131,Iran_Non-Zoroastrian_Fars,,29.616667,52.533333,west2369,,Western Farsi,EURASIA,Iran,17,589618.0,indo1319,Indo-European,correct by Harald,,Broushaki2016,HumanOrigins_AutosomalSNP
HumanOrigins_AutosomalSNP-132,Iran_Zoroastrian,,29.628576,52.502117,zoro1242,,Zoroastrian Yazdi,EURASIA,Iran,28,588997.0,indo1319,Indo-European,correct by Harald,,Broushaki2016,HumanOrigins_AutosomalSNP
HumanOrigins_AutosomalSNP-133,Iranian_Bandari,,27.183,56.267,fars1254,,Farsic-Caucasian Tat,EURASIA,Iran,8,590351.0,indo1319,Indo-European,checked by Chiara,,LazaridisNature2016,HumanOrigins_AutosomalSNP
HumanOrigins_AutosomalSNP-134,Iranian_Lor,,33.465,48.339,luri1252,,Luric,EURASIA,Iran,10,589898.5,indo1319,Indo-European,checked by Chiara,,LazaridisNature2016,HumanOrigins_AutosomalSNP
HumanOrigins_AutosomalSNP-135,Iranian_Mazandarani,,36.529,52.671,maza1291,,Mazanderani,EURASIA,Iran,10,589831.5,indo1319,Indo-European,checked by Chiara,,LazaridisNature2016,HumanOrigins_AutosomalSNP
HumanOrigins_AutosomalSNP-136,Iranian_Persian,,29.591,52.584,fars1254,,Farsic-Caucasian Tat,EURASIA,Iran,10,588895.0,indo1319,Indo-European,checked by Chiara,,LazaridisNature2016,HumanOrigins_AutosomalSNP
HumanOrigins_AutosomalSNP-137,Irish_Connacht,,53.72,-8.49,conn1243,,Connacht,EURASIA,Ireland,6,590613.5,indo1319,Indo-European,checked by Damian,,LazaridisNature2016,HumanOrigins_AutosomalSNP
HumanOrigins_AutosomalSNP-138,Irish_Cork_Kerry,,51.84,-9.2,iris1253,,Irish,EURASIA,Ireland,6,590101.0,indo1319,Indo-European,checked by Damian,,LazaridisNature2016,HumanOrigins_AutosomalSNP
HumanOrigins_AutosomalSNP-139,Irish_Leinster,,53.09,-6.88,iris1253,,Irish,EURASIA,Ireland,6,589974.5,indo1319,Indo-European,checked by Damian,,LazaridisNature2016,HumanOrigins_AutosomalSNP
HumanOrigins_AutosomalSNP-140,Irish_Munster,,52.36,-8.49,muns1250,,Munster-Leinster,EURASIA,Ireland,6,590370.0,indo1319,Indo-European,checked by Damian,,LazaridisNature2016,HumanOrigins_AutosomalSNP
HumanOrigins_AutosomalSNP-141,Irish_Ulster,,54.71,-6.95,done1238,,Donegal,EURASIA,Ireland,6,590136.5,indo1319,Indo-European,checked by Damian,,LazaridisNature2016,HumanOrigins_AutosomalSNP
HumanOrigins_AutosomalSNP-142,Itelmen,,57.2,156.9,itel1242,,West Itelmen,EURASIA,Russia,7,595702.0,chuk1271,Chukotko-Kamchatkan,automatically assigned by Robert F,The populations appear genetically drifted (median FST and median regional FST above 0.1). Consider excluding from local pairwise comparisons ,LazaridisNature2014,HumanOrigins_AutosomalSNP
HumanOrigins_AutosomalSNP-143,Japanese,,38,138,japa1256,,Japanesic,EURASIA,Japan,30,595879.0,japo1237,Japonic,automatically assigned by Robert F,,PattersonGenetics2012,HumanOrigins_AutosomalSNP
HumanOrigins_AutosomalSNP-144,Jew_Cochin,,9.97,76.28,jewi1241,,Jewish Malayalam,EURASIA,India,5,595684.0,drav1251,Dravidian,correct by Harald,,LazaridisNature2014,HumanOrigins_AutosomalSNP
HumanOrigins_AutosomalSNP-145,Jew_Ethiopian,,9.033333,38.733333,amha1245,,Amharic,AFRICA,Ethiopia,7,595346.0,afro1255,Afro-Asiatic,correct by Harald,,LazaridisNature2014,HumanOrigins_AutosomalSNP
HumanOrigins_AutosomalSNP-146,Jew_Georgian,,41.716667,44.783333,jude1258,,Judeo-Georgian,EURASIA,Georgia,9,596759.0,kart1248,Kartvelian,correct by Harald,,LazaridisNature2014,HumanOrigins_AutosomalSNP
HumanOrigins_AutosomalSNP-147,Jew_Iraqi,,33.325,44.422,jude1266,,Judeo-Iraqi Arabic,EURASIA,Iraq,9,596315.0,afro1255,Afro-Asiatic,correct by Harald,,LazaridisNature2014,HumanOrigins_AutosomalSNP
HumanOrigins_AutosomalSNP-148,Jew_Libyan,,32.916667,13.183333,jude1264,,Judeo-Tripolitanian Arabic,AFRICA,Libya,9,596083.0,afro1255,Afro-Asiatic,correct by Harald,,LazaridisNature2014,HumanOrigins_AutosomalSNP
HumanOrigins_AutosomalSNP-149,Jew_Moroccan,,34.02,-6.84,jude1265,,Judeo-Moroccan Arabic,AFRICA,Morocco,7,596487.0,afro1255,Afro-Asiatic,correct by Harald,,LazaridisNature2014,HumanOrigins_AutosomalSNP
HumanOrigins_AutosomalSNP-150,Jew_Tunisian,,36.8,10.183333,jude1263,,Judeo-Tunisian Arabic,AFRICA,Tunisia,7,596392.0,afro1255,Afro-Asiatic,correct by Harald,,LazaridisNature2014,HumanOrigins_AutosomalSNP
HumanOrigins_AutosomalSNP-151,Jew_Turkish,,41.016667,28.95,ladi1251,,Ladino,EURASIA,Turkey,9,594701.0,indo1319,Indo-European,correct by Harald,,LazaridisNature2014,HumanOrigins_AutosomalSNP
HumanOrigins_AutosomalSNP-152,Jew_Yemenite,,15.35,44.2,jude1267,,Judeo-Yemeni Arabic,EURASIA,Yemen,8,595854.0,afro1255,Afro-Asiatic,automatically assigned by Robert F,,LazaridisNature2014,HumanOrigins_AutosomalSNP
HumanOrigins_AutosomalSNP-153,Jordanian,,32.054645,35.914307,sout3123,,South Levantine Arabic,EURASIA,Jordan,10,596513.0,afro1255,Afro-Asiatic,automatically assigned by Robert F,,LazaridisNature2014,HumanOrigins_AutosomalSNP
HumanOrigins_AutosomalSNP-154,Ju_hoan_North,,-18.937257,21.452448,juho1239,,South-Eastern Ju,AFRICA,Namibia,16,595003.0,kxaa1236,Kxa,automatically assigned by Robert F,The populations appear genetically drifted (median FST and median regional FST above 0.1). Consider excluding from local pairwise comparisons ,PickrellNatureCommunications2012,HumanOrigins_AutosomalSNP
HumanOrigins_AutosomalSNP-155,Ju_hoan_South,,-21.151918,20.681539,juho1239,,South-Eastern Ju,AFRICA,Botswana,9,595167.0,kxaa1236,Kxa,automatically assigned by Robert F,,PickrellNatureCommunications2012,HumanOrigins_AutosomalSNP
HumanOrigins_AutosomalSNP-156,Kabardinian,,43.41,43.32,kaba1278,,Kabardian,EURASIA,Russia,10,588346.0,abkh1242,Abkhaz-Adyge,automatically assigned by Robert F,,Jeong_2019,HumanOrigins_AutosomalSNP
HumanOrigins_AutosomalSNP-157,Kaitag,,42.15,47.63,darg1241,,North-Central Dargwa,EURASIA,Russia,8,589139.5,nakh1245,Nakh-Daghestanian,assigned by Chiara,,Jeong_2019,HumanOrigins_AutosomalSNP
HumanOrigins_AutosomalSNP-158,Kalash,,35.99366,71.5,kala1372,,Chitral Kalasha,EURASIA,Pakistan,19,594703.0,indo1319,Indo-European,automatically assigned by Robert F,,PattersonGenetics2012,HumanOrigins_AutosomalSNP
HumanOrigins_AutosomalSNP-159,Kalmyk,,46.169444,45.342778,kalm1243,,Oirad-Kalmyk-Darkhat,EURASIA,Russia,10,596573.0,mong1349,Mongolic-Khitan,automatically assigned by Robert F,,LazaridisNature2014,HumanOrigins_AutosomalSNP
HumanOrigins_AutosomalSNP-160,Kankanaey,,17.07,121.03,kank1243,,Kankanaey,SOUTHEAST_ASIA,Philippines,10,590329.0,aust1307,Austronesian,checked by Damian,,SkoglundNature2016,HumanOrigins_AutosomalSNP
HumanOrigins_AutosomalSNP-161,Kaqchikel,,15,-91,kaqc1270,,Kaqchikel,AMERICAS,Guatemala,5,596149.0,maya1287,Mayan,automatically assigned by Robert F,,LazaridisNature2014,HumanOrigins_AutosomalSNP
HumanOrigins_AutosomalSNP-162,Karachai,,43.94,42.52,kara1466,,Karachay,EURASIA,Russia,11,588819.0,turk1311,Turkic,automatically assigned by Robert F,,Jeong_2019,HumanOrigins_AutosomalSNP
HumanOrigins_AutosomalSNP-163,Karakalpak,,43,59,kara1467,,Kara-Kalpak,EURASIA,Uzbekistan,14,584537.0,turk1311,Turkic,automatically assigned by Robert F,,Jeong_2019,HumanOrigins_AutosomalSNP
HumanOrigins_AutosomalSNP-164,Karelian_Northern,,60.12,31.1,nort2673,,Northern Karelian,EURASIA,Russia,6,589277.0,ural1272,Uralic,automatically assigned by Robert F,,Jeong_2019,HumanOrigins_AutosomalSNP
HumanOrigins_AutosomalSNP-165,Karelian_Southern,,60.59,32.58,sout2676,,Southern Karelian,EURASIA,Russia,9,589210.0,ural1272,Uralic,automatically assigned by Robert F,,Jeong_2019,HumanOrigins_AutosomalSNP
HumanOrigins_AutosomalSNP-166,Karitiana,,-10,-63,kari1311,,Karitiâna,AMERICAS,Brazil,13,594451.0,tupi1275,Tupian,automatically assigned by Robert F,The populations appear genetically drifted (median FST and median regional FST above 0.1). Consider excluding from local pairwise comparisons ,PattersonGenetics2012,HumanOrigins_AutosomalSNP
HumanOrigins_AutosomalSNP-167,Kazakhs_East_Kazakhstan_Naiman,,49.57,82.37,kaza1248,,Kazakh,EURASIA,Kazakhstan,6,589075.0,turk1311,Turkic,automatically assigned by Robert F,,Jeong_2019,HumanOrigins_AutosomalSNP
HumanOrigins_AutosomalSNP-168,Kazakhs_Omsk_Kypchak,,53.46,73.52,kaza1248,,Kazakh,EURASIA,Russia,5,588904.0,turk1311,Turkic,automatically assigned by Robert F,,Jeong_2019,HumanOrigins_AutosomalSNP
HumanOrigins_AutosomalSNP-169,Ket,,64.443527,87.546972,kett1243,,Ket,EURASIA,Russia,9,589505.0,yeni1252,Yeniseian,assigned by Chiara,,Flegontov_2019,HumanOrigins_AutosomalSNP
HumanOrigins_AutosomalSNP-170,Ket_Southeast,,62.462346,89.00493,kett1243,,Ket,EURASIA,Russia,10,588860.5,yeni1252,Yeniseian,assigned by Chiara,,Flegontov_2019,HumanOrigins_AutosomalSNP
HumanOrigins_AutosomalSNP-171,Kgalagadi,,-24.796708,21.751098,kgal1244,,Kgalagadi,AFRICA,Botswana,5,595538.0,atla1278,Atlantic-Congo,automatically assigned by Robert F,,PickrellNatureCommunications2012,HumanOrigins_AutosomalSNP
HumanOrigins_AutosomalSNP-172,Khakass_Kachins,,55,89,kach1278,,Kacha,EURASIA,Russia,7,588739.0,turk1311,Turkic,automatically assigned by Robert F,,Jeong_2019,HumanOrigins_AutosomalSNP
HumanOrigins_AutosomalSNP-173,Khakass_Koibals,,53,90,khak1248,,Khakas,EURASIA,Russia,6,588926.0,turk1311,Turkic,automatically assigned by Robert F,,Jeong_2019,HumanOrigins_AutosomalSNP
HumanOrigins_AutosomalSNP-174,Khakass_Sagai,,55,89,saga1260,,Sagai,EURASIA,Russia,6,582297.5,turk1311,Turkic,automatically assigned by Robert F,,Jeong_2019,HumanOrigins_AutosomalSNP
HumanOrigins_AutosomalSNP-175,Khamnegan,,50.68,114.6,kham1281,,Khamnigan Mongol,EURASIA,Russia,10,586625.0,mong1349,Mongolic-Khitan,assigned by Chiara,,Jeong_2019,HumanOrigins_AutosomalSNP
HumanOrigins_AutosomalSNP-176,Kharia,,25.77,82.73,khar1283,,Kharia Thar,EURASIA,India,12,595951.5,indo1319,Indo-European,automatically assigned by Robert F,,LazaridisNature2014,HumanOrigins_AutosomalSNP
HumanOrigins_AutosomalSNP-177,Khomani,,-28.25,21.15,nuuu1241,,Ghaap-Kalahari,AFRICA,SouthAfrica,11,596068.0,tuuu1241,Tuu,automatically assigned by Robert F,,LazaridisNature2014,HumanOrigins_AutosomalSNP
HumanOrigins_AutosomalSNP-178,Khwe,,-18.373452,21.885095,kxoe1243,,Kxoe,AFRICA,Botswana,10,595042.5,khoe1240,Khoe-Kwadi,correct by AM Fehn,,PickrellNatureCommunications2012,HumanOrigins_AutosomalSNP
HumanOrigins_AutosomalSNP-179,KichwaOrellana,,-0.183278,-77.174667,tena1240,,Tena Lowland Quichua,AMERICAS,Ecuador,17,596491.0,quec1387,Quechuan,correct by Chiara,,Barbieri_2018,HumanOrigins_AutosomalSNP
HumanOrigins_AutosomalSNP-180,Kinh,,21,105.9,viet1252,,Vietnamese,SOUTHEAST_ASIA,Vietnam,8,596588.5,aust1305,Austroasiatic,automatically assigned by Robert F,,LazaridisNature2014,HumanOrigins_AutosomalSNP
HumanOrigins_AutosomalSNP-181,Kolombangara,,-8.1,157.1,duke1237,,Duke,OCEANIA,Solomon_Islands,5,596143.0,aust1307,Austronesian,checked by Chiara after B.Pakendorf,,QinStonekingMBE2015,HumanOrigins_AutosomalSNP
HumanOrigins_AutosomalSNP-182,Korean,,37.6,127,kore1280,,Korean,EURASIA,Korea,6,595862.0,kore1284,Koreanic,automatically assigned by Robert F,,LazaridisNature2014,HumanOrigins_AutosomalSNP
HumanOrigins_AutosomalSNP-183,Koryak,,58.3,159.38,kory1246,,Koryak,EURASIA,Russia,9,596080.0,chuk1271,Chukotko-Kamchatkan,automatically assigned by Robert F,The populations appear genetically drifted (median FST and median regional FST above 0.1). Consider excluding from local pairwise comparisons ,LazaridisNature2014,HumanOrigins_AutosomalSNP
HumanOrigins_AutosomalSNP-184,Kove,,-5.4667,148.95,kove1237,,Kove,OCEANIA,Papua_New_Guinea,7,590447.0,aust1307,Austronesian,checked by Damian,,SkoglundNature2016,HumanOrigins_AutosomalSNP
HumanOrigins_AutosomalSNP-185,Kove_Tamuniai,,-5.4667,148.95,kove1237,,Kove,OCEANIA,Papua_New_Guinea,10,590478.5,aust1307,Austronesian,checked by Damian,,SkoglundNature2016,HumanOrigins_AutosomalSNP
HumanOrigins_AutosomalSNP-186,Kubachinian,,42.08,47.58,kuba1248,,Kubachi,EURASIA,Russia,6,589366.0,nakh1245,Nakh-Daghestanian,automatically assigned by Robert F,,Jeong_2019,HumanOrigins_AutosomalSNP
HumanOrigins_AutosomalSNP-187,Kumyk,,43.25,46.583333,kumy1244,,Kumyk,EURASIA,Russia,8,595769.0,turk1311,Turkic,automatically assigned by Robert F,,LazaridisNature2014,HumanOrigins_AutosomalSNP
HumanOrigins_AutosomalSNP-188,Kuot_Kabil,,-3.067,151.7,kuot1243,,Kuot,OCEANIA,Papua_New_Guinea,10,589330.5,kuot1243,Kuot,checked by Damian,,SkoglundNature2016,HumanOrigins_AutosomalSNP
HumanOrigins_AutosomalSNP-189,Kuot_Lamalaua,,-3,151.5,kuot1243,,Kuot,OCEANIA,Papua_New_Guinea,8,589577.0,kuot1243,Kuot,checked by Damian,,SkoglundNature2016,HumanOrigins_AutosomalSNP
HumanOrigins_AutosomalSNP-190,Kurd,,44.58,39.42,nort2641,,Northern Kurdish,EURASIA,Russia,9,588763.0,indo1319,Indo-European,correct by Harald,,Jeong_2019,HumanOrigins_AutosomalSNP
HumanOrigins_AutosomalSNP-191,Kusunda,,28.072453,82.542991,kusu1250,,Kusunda,EURASIA,Nepal,5,594767.0,kusu1250,Kusunda,automatically assigned by Robert F,,LazaridisNature2014,HumanOrigins_AutosomalSNP
HumanOrigins_AutosomalSNP-192,Kyrgyz,,42.866667,74.616667,kirg1245,,Kirghiz,EURASIA,Kyrgyzstan,10,596645.0,turk1311,Turkic,automatically assigned by Robert F,,LazaridisNature2014,HumanOrigins_AutosomalSNP
HumanOrigins_AutosomalSNP-193,Lahu,,22,100,lahu1253,,Lahu,EURASIA,China,27,593708.0,sino1245,Sino-Tibetan,automatically assigned by Robert F,The populations appear genetically drifted (median FST and median regional FST above 0.1). Consider excluding from local pairwise comparisons ,PattersonGenetics2012,HumanOrigins_AutosomalSNP
HumanOrigins_AutosomalSNP-194,LaJalca,,-6.485608,-77.816172,chac1250,,Chachapoyas Quechua,AMERICAS,Peru,11,596178.0,quec1387,Quechuan,correct by Chiara checked by P.Heggarty,,Barbieri_2018,HumanOrigins_AutosomalSNP
HumanOrigins_AutosomalSNP-195,Lak,,42.17,47.12,lakk1252,,Lak,EURASIA,Russia,10,589249.5,nakh1245,Nakh-Daghestanian,automatically assigned by Robert F,,Jeong_2019,HumanOrigins_AutosomalSNP
HumanOrigins_AutosomalSNP-196,Lebanese,,33.815666,35.57373,nort3139,,North Levantine Arabic,EURASIA,Lebanon,8,596397.5,afro1255,Afro-Asiatic,automatically assigned by Robert F,,LazaridisNature2014,HumanOrigins_AutosomalSNP
HumanOrigins_AutosomalSNP-197,Lebanese_Christian,,33.89,35.5,stan1323,,Standard Lebanese Arabic,EURASIA,Lebanon,9,589230.0,afro1255,Afro-Asiatic,checked by Chiara,,LazaridisNature2016,HumanOrigins_AutosomalSNP
HumanOrigins_AutosomalSNP-198,Lebanese_Muslim,,33.89,35.5,stan1323,,Standard Lebanese Arabic,EURASIA,Lebanon,11,590021.0,afro1255,Afro-Asiatic,checked by Chiara,,LazaridisNature2016,HumanOrigins_AutosomalSNP
HumanOrigins_AutosomalSNP-199,Lebbo,,1.655308,117.157242,waha1238,,Eastern Lowland Kenyah,SOUTHEAST_ASIA,Indonesia,8,588455.0,aust1307,Austronesian,checked by Damian,,SkoglundNature2016,HumanOrigins_AutosomalSNP
HumanOrigins_AutosomalSNP-200,Lezgin,,42.116667,48.183333,lezg1247,,Lezgian,EURASIA,Russia,10,596145.0,nakh1245,Nakh-Daghestanian,automatically assigned by Robert F,,LazaridisNature2014,HumanOrigins_AutosomalSNP
HumanOrigins_AutosomalSNP-201,Libyan,,32.88,13.19,liby1240,,Libyan Arabic,AFRICA,Libya,5,590104.0,afro1255,Afro-Asiatic,checked by Chiara,,LazaridisNature2016,HumanOrigins_AutosomalSNP
HumanOrigins_AutosomalSNP-202,Lithuanian,,54.901882,23.917236,lith1251,,Lithuanian,EURASIA,Lithuania,10,596468.5,indo1319,Indo-European,automatically assigned by Robert F,,LazaridisNature2014,HumanOrigins_AutosomalSNP
HumanOrigins_AutosomalSNP-203,Lodhi,,25.45,78.62,bund1253,,Bundeli,EURASIA,India,13,595368.0,indo1319,Indo-European,automatically assigned by Robert F,,LazaridisNature2014,HumanOrigins_AutosomalSNP
HumanOrigins_AutosomalSNP-204,Luhya,,1.3,36.8,cent2288,,Central Luyia,AFRICA,Kenya,8,595837.5,atla1278,Atlantic-Congo,general check ok,,LazaridisNature2014,HumanOrigins_AutosomalSNP
HumanOrigins_AutosomalSNP-205,Luo,,-0.1,34.3,luok1236,,Luo (Kenya and Tanzania),AFRICA,Kenya,8,595205.0,nilo1247,Nilotic,correct by Harald,,LazaridisNature2014,HumanOrigins_AutosomalSNP
HumanOrigins_AutosomalSNP-206,Luya,,-6.191162,-77.968099,chac1250,,Chachapoyas Quechua,AMERICAS,Peru,11,596086.0,quec1387,Quechuan,correct by Chiara checked by P.Heggarty,,Barbieri_2018,HumanOrigins_AutosomalSNP
HumanOrigins_AutosomalSNP-207,Madak,,-3.1,151.7,mada1285,,Madak,OCEANIA,Papua_New_Guinea,10,590540.5,aust1307,Austronesian,checked by Damian,,SkoglundNature2016,HumanOrigins_AutosomalSNP
HumanOrigins_AutosomalSNP-208,Makrani,,26,64,makr1243,,Makrani,EURASIA,Pakistan,25,596262.0,indo1319,Indo-European,automatically assigned by Robert F,,PattersonGenetics2012,HumanOrigins_AutosomalSNP
HumanOrigins_AutosomalSNP-209,Mala,,18.67,78.17,mala1466,,Malaryan,EURASIA,India,16,595960.5,drav1251,Dravidian,automatically assigned by Robert F,,LazaridisNature2014,HumanOrigins_AutosomalSNP
HumanOrigins_AutosomalSNP-210,Malawi_Chewa,,-13.703473,33.597743,nyan1308,,Nyanja,AFRICA,Malawi,11,588303.0,atla1278,Atlantic-Congo,checked by Chiara,,SkoglundCell2017,HumanOrigins_AutosomalSNP
HumanOrigins_AutosomalSNP-211,Malawi_Tumbuka,,-11.900632,33.598959,tumb1250,,Tumbuka,AFRICA,Malawi,10,587926.5,atla1278,Atlantic-Congo,checked by Chiara,,SkoglundCell2017,HumanOrigins_AutosomalSNP
HumanOrigins_AutosomalSNP-212,Malawi_Yao,,-15.785624,35.008278,yaoo1241,,Yao,AFRICA,Malawi,9,587828.0,atla1278,Atlantic-Congo,checked by Chiara,,SkoglundCell2017,HumanOrigins_AutosomalSNP
HumanOrigins_AutosomalSNP-213,Malay,,1.35,103.82,sing1270,,Greater Riau-Johoric,SOUTHEAST_ASIA,Singapore,9,590398.0,aust1307,Austronesian,checked by Damian,,SkoglundNature2016,HumanOrigins_AutosomalSNP
HumanOrigins_AutosomalSNP-214,Maltese,,35.94,14.38,malt1254,,Maltese,EURASIA,Malta,8,595771.5,afro1255,Afro-Asiatic,automatically assigned by Robert F,,LazaridisNature2014,HumanOrigins_AutosomalSNP
HumanOrigins_AutosomalSNP-215,Mamanwa,,9.76,125.51,mama1275,,Mamanwa,SOUTHEAST_ASIA,Philippines,13,595762.0,aust1307,Austronesian,automatically assigned by Robert F,,QinStonekingMBE2015,HumanOrigins_AutosomalSNP
HumanOrigins_AutosomalSNP-216,Mamanwa1,,9.76,125.51,mama1275,,Mamanwa,SOUTHEAST_ASIA,Philippines,5,596260.0,aust1307,Austronesian,automatically assigned by Robert F,,QinStonekingMBE2015,HumanOrigins_AutosomalSNP
HumanOrigins_AutosomalSNP-217,Mamusi_Kisiluvi,,-5.7333,151.0833,mamu1254,,Mamusi,OCEANIA,Papua_New_Guinea,10,590581.0,aust1307,Austronesian,checked by Damian,,SkoglundNature2016,HumanOrigins_AutosomalSNP
HumanOrigins_AutosomalSNP-218,Mamusi_Lingite,,-5.867,151.1,mamu1254,,Mamusi,OCEANIA,Papua_New_Guinea,10,590563.0,aust1307,Austronesian,checked by Damian,,SkoglundNature2016,HumanOrigins_AutosomalSNP
HumanOrigins_AutosomalSNP-219,Mamusi_Paleabu,,-5.95,150.9,mamu1254,,Mamusi,OCEANIA,Papua_New_Guinea,6,589104.5,aust1307,Austronesian,checked by Damian,,SkoglundNature2016,HumanOrigins_AutosomalSNP
HumanOrigins_AutosomalSNP-220,Mandenka,,12,-12,mand1436,,Mandinka,AFRICA,Senegal,18,594907.5,mand1469,Mande,general check ok,,PattersonGenetics2012,HumanOrigins_AutosomalSNP
HumanOrigins_AutosomalSNP-221,Mangseng,,-5.933,150.7,mang1403,,Mangseng,OCEANIA,Papua_New_Guinea,5,590657.0,aust1307,Austronesian,checked by Damian,,SkoglundNature2016,HumanOrigins_AutosomalSNP
HumanOrigins_AutosomalSNP-222,Mansi,,60.2,66.47,sout3253,,Southern Mansi,EURASIA,Russia,9,596607.0,ural1272,Uralic,automatically assigned by Robert F,,LazaridisNature2014,HumanOrigins_AutosomalSNP
HumanOrigins_AutosomalSNP-223,Masai_Kinyawa_MKK,,-1.5,35.2,masa1300,,Masai,AFRICA,Kenya,10,595631.5,nilo1247,Nilotic,automatically assigned by Robert F,,LazaridisNature2014,HumanOrigins_AutosomalSNP
HumanOrigins_AutosomalSNP-224,Maya,,19,-91,yuca1254,,Yucatec Maya,AMERICAS,Mexico,21,595895.0,maya1287,Mayan,correct by Chiara after Alfred,,PattersonGenetics2012,HumanOrigins_AutosomalSNP
HumanOrigins_AutosomalSNP-225,Mbukushu,,-16.85712,22.795715,mbuk1240,,Mbukushu,AFRICA,Zambia,5,596262.0,atla1278,Atlantic-Congo,checked by Chiara,,PickrellNatureCommunications2012,HumanOrigins_AutosomalSNP
HumanOrigins_AutosomalSNP-226,MbutiPygmy,,1,29,lese1243,,Lese,AFRICA,Congo,11,593735.0,cent2225,Central Sudanic,correct by Chiara after Alfred,,PattersonGenetics2012,HumanOrigins_AutosomalSNP
HumanOrigins_AutosomalSNP-227,Melamela,,-5,151.25,mera1242,,Meramera,OCEANIA,Papua_New_Guinea,10,590618.0,aust1307,Austronesian,checked by Damian,,SkoglundNature2016,HumanOrigins_AutosomalSNP
HumanOrigins_AutosomalSNP-228,Mende,,8.5,-13.2,mend1266,,Mende (Sierra Leone),AFRICA,Sierra_Leone,8,595497.0,mand1469,Mande,automatically assigned by Robert F,,LazaridisNature2014,HumanOrigins_AutosomalSNP
HumanOrigins_AutosomalSNP-229,Mengen,,-5.1,151.4,meng1267,,Mengen,OCEANIA,Papua_New_Guinea,10,590597.0,aust1307,Austronesian,checked by Damian,,SkoglundNature2016,HumanOrigins_AutosomalSNP
HumanOrigins_AutosomalSNP-230,Miao,,28,109,hmon1333,,Hmong Daw,EURASIA,China,10,596400.5,hmon1336,Hmong-Mien,correct by Harald,,PattersonGenetics2012,HumanOrigins_AutosomalSNP
HumanOrigins_AutosomalSNP-231,Mixe,,16.95,-96.583333,mixe1286,,Mixe,AMERICAS,Mexico,10,595823.5,mixe1284,Mixe-Zoque,correct by S¿ren,,LazaridisNature2014,HumanOrigins_AutosomalSNP
HumanOrigins_AutosomalSNP-232,Mixtec,,15.95,-97.366667,mixt1427,,Mixtec,AMERICAS,Mexico,12,596221.5,otom1299,Otomanguean,general check,,LazaridisNature2014,HumanOrigins_AutosomalSNP
HumanOrigins_AutosomalSNP-233,Moldavian,,46.38,29.87,mold1248,,Moldavian,EURASIA,Moldova,10,588165.5,indo1319,Indo-European,automatically assigned by Robert F,,Jeong_2019,HumanOrigins_AutosomalSNP
HumanOrigins_AutosomalSNP-234,Mongol_Khalkh_Sainnoyon,,47,101,mong1331,,Mongolian,EURASIA,Mongolia,8,587443.0,mong1349,Mongolic-Khitan,automatically assigned by Robert F,,Jeong_2019,HumanOrigins_AutosomalSNP
HumanOrigins_AutosomalSNP-235,Mongol_Khalkh_Zasagt,,48,96,mong1331,,Mongolian,EURASIA,Mongolia,7,585744.0,mong1349,Mongolic-Khitan,automatically assigned by Robert F,,Jeong_2019,HumanOrigins_AutosomalSNP
HumanOrigins_AutosomalSNP-236,Mongol_Minorities,,,,mong1331,,Mongolian,EURASIA,Mongolia,9,584625.0,mong1349,Mongolic-Khitan,automatically assigned by Robert F,,Jeong_2019,HumanOrigins_AutosomalSNP
HumanOrigins_AutosomalSNP-237,Mongol_Uuld,,48.95,91.16,mong1331,,Mongolian,EURASIA,Mongolia,10,586689.5,mong1349,Mongolic-Khitan,automatically assigned by Robert F,,Jeong_2019,HumanOrigins_AutosomalSNP
HumanOrigins_AutosomalSNP-238,Mongola,,45,111,mong1331,,Mongolian,EURASIA,China,10,595814.5,mong1349,Mongolic-Khitan,general check ok,,PattersonGenetics2012,HumanOrigins_AutosomalSNP
HumanOrigins_AutosomalSNP-239,Mordovian,,54.183333,45.183333,erzy1239,,Erzya,EURASIA,Russia,10,596442.5,ural1272,Uralic,automatically assigned by Robert F,,LazaridisNature2014,HumanOrigins_AutosomalSNP
HumanOrigins_AutosomalSNP-240,Mordovian_Erzya,,55.08,44.16,erzy1239,,Erzya,EURASIA,Russia,12,589216.5,ural1272,Uralic,automatically assigned by Robert F,,Jeong_2019,HumanOrigins_AutosomalSNP
HumanOrigins_AutosomalSNP-241,Mordovian_Moksha,,54.08,43.13,moks1248,,Moksha,EURASIA,Russia,10,589408.0,ural1272,Uralic,automatically assigned by Robert F,,Jeong_2019,HumanOrigins_AutosomalSNP
HumanOrigins_AutosomalSNP-242,Moroccan,,33.53,-7.58,moro1292,,Moroccan Arabic,AFRICA,Morocco,10,589871.5,afro1255,Afro-Asiatic,checked by Chiara,,LazaridisNature2016,HumanOrigins_AutosomalSNP
HumanOrigins_AutosomalSNP-243,Mozabite,,32,3,tumz1238,,Tumzabt,AFRICA,Algeria,25,596518.0,afro1255,Afro-Asiatic,general check ok,,PattersonGenetics2012,HumanOrigins_AutosomalSNP
HumanOrigins_AutosomalSNP-244,Murut,,4.62,115.14,muru1275,,Murutic,SOUTHEAST_ASIA,Brunei,10,590482.5,aust1307,Austronesian,checked by Chiara,,SkoglundNature2016,HumanOrigins_AutosomalSNP
HumanOrigins_AutosomalSNP-245,Mussau,,-1.583,149.733,muss1246,,Mussau-Emira,OCEANIA,Papua_New_Guinea,10,590654.0,aust1307,Austronesian,checked by Chiara,,SkoglundNature2016,HumanOrigins_AutosomalSNP
HumanOrigins_AutosomalSNP-246,Nakanai_Bileki,,-5.75,150.8,bile1245,,Bileki,OCEANIA,Papua_New_Guinea,9,590400.0,aust1307,Austronesian,checked by Chiara,,SkoglundNature2016,HumanOrigins_AutosomalSNP
HumanOrigins_AutosomalSNP-247,Nakanai_Loso,,-5.483,150.8,losa1236,,Losa,OCEANIA,Papua_New_Guinea,7,590589.0,aust1307,Austronesian,checked by Chiara,,SkoglundNature2016,HumanOrigins_AutosomalSNP
HumanOrigins_AutosomalSNP-248,Nama,,-24.266093,17.260889,nama1264,,Nama (Namibia),AFRICA,Namibia,18,594782.0,khoe1240,Khoe-Kwadi,automatically assigned by Robert F,,PickrellNatureCommunications2012,HumanOrigins_AutosomalSNP
HumanOrigins_AutosomalSNP-249,Nanai,,49.44,136.51,nana1257,,Nanai,EURASIA,Russia,10,588816.0,tung1282,Tungusic,assigned by Chiara,The populations appear genetically drifted (median FST and median regional FST above 0.1). Consider excluding from local pairwise comparisons ,Jeong_2019,HumanOrigins_AutosomalSNP
HumanOrigins_AutosomalSNP-250,Naro,,-22.032082,21.584054,naro1249,,Naro,AFRICA,Botswana,9,596237.0,khoe1240,Khoe-Kwadi,automatically assigned by Robert F,,PickrellNatureCommunications2012,HumanOrigins_AutosomalSNP
HumanOrigins_AutosomalSNP-251,Nasioi,,-6.48,155.83,nasi1247,,Nasioiic,OCEANIA,Papua_New_Guinea,10,596451.5,sout2948,South Bougainville,checked by Chiara,,PattersonGenetics2012,HumanOrigins_AutosomalSNP
HumanOrigins_AutosomalSNP-252,Naxi,,26,100,naxi1245,,Naxi,EURASIA,China,8,596424.5,sino1245,Sino-Tibetan,automatically assigned by Robert F,,PattersonGenetics2012,HumanOrigins_AutosomalSNP
HumanOrigins_AutosomalSNP-253,Nganasan,,71,95,ngan1291,,Nganasan,EURASIA,Russia,12,596192.5,ural1272,Uralic,automatically assigned by Robert F,The populations appear genetically drifted (median FST and median regional FST above 0.1). Consider excluding from local pairwise comparisons ,LazaridisNature2014,HumanOrigins_AutosomalSNP
HumanOrigins_AutosomalSNP-254,Nganasan_UstAvam,,71.113181,92.822343,ngan1291,,Nganasan,EURASIA,Russia,6,589845.0,ural1272,Uralic,assigned by Chiara,The populations appear genetically drifted (median FST and median regional FST above 0.1). Consider excluding from local pairwise comparisons ,Flegontov_2019,HumanOrigins_AutosomalSNP
HumanOrigins_AutosomalSNP-255,Nganasan_Volochanka,,70.976289,94.535318,ngan1291,,Nganasan,EURASIA,Russia,11,589624.0,ural1272,Uralic,assigned by Chiara,The populations appear genetically drifted (median FST and median regional FST above 0.1). Consider excluding from local pairwise comparisons ,Flegontov_2019,HumanOrigins_AutosomalSNP
HumanOrigins_AutosomalSNP-256,Nggela,,-9.101583,160.147069,gela1263,,Gela,OCEANIA,Solomon_Islands,6,596240.5,aust1307,Austronesian,automatically assigned by Robert F,,QinStonekingMBE2015,HumanOrigins_AutosomalSNP
HumanOrigins_AutosomalSNP-257,Nivh,,52.85,141.25,gily1242,,Amur Nivkh,EURASIA,Russia,8,588969.5,nivk1234,Nivkh,automatically assigned by Robert F,The populations appear genetically drifted (median FST and median regional FST above 0.1). Consider excluding from local pairwise comparisons ,Jeong_2019,HumanOrigins_AutosomalSNP
HumanOrigins_AutosomalSNP-258,Nogai,,44.37252,41.93765,noga1249,,Nogai,EURASIA,Russia,9,595964.0,turk1311,Turkic,automatically assigned by Robert F,,LazaridisNature2014,HumanOrigins_AutosomalSNP
HumanOrigins_AutosomalSNP-259,Nogai_Astrakhan,,46.2,48.01,noga1249,,Nogai,EURASIA,Russia,6,588530.5,turk1311,Turkic,automatically assigned by Robert F,,Jeong_2019,HumanOrigins_AutosomalSNP
HumanOrigins_AutosomalSNP-260,Nogai_Stavropol,,44.4,41.5,noga1249,,Nogai,EURASIA,Russia,10,588863.5,turk1311,Turkic,automatically assigned by Robert F,,Jeong_2019,HumanOrigins_AutosomalSNP
HumanOrigins_AutosomalSNP-261,Norwegian,,60.359,5.358,norw1258,,Norwegian,EURASIA,Norway,11,595709.0,indo1319,Indo-European,correct by Chiara,,LazaridisNature2014,HumanOrigins_AutosomalSNP
HumanOrigins_AutosomalSNP-262,Notsi,,-3.05,151.65,nots1237,,Notsi,OCEANIA,Papua_New_Guinea,9,590605.0,aust1307,Austronesian,checked by Chiara,,SkoglundNature2016,HumanOrigins_AutosomalSNP
HumanOrigins_AutosomalSNP-263,Ojibwa,,46.5,-81,ojib1241,,Ojibwa,AMERICAS,Canada,16,595923.0,algi1248,Algic,automatically assigned by Robert F,,LazaridisNature2014,HumanOrigins_AutosomalSNP
HumanOrigins_AutosomalSNP-264,Onge,,10.75,92.5,onge1236,,Önge,SOUTHEAST_ASIA,India,10,595487.0,jara1244,Jarawa-Onge,automatically assigned by Robert F,The populations appear genetically drifted (median FST and median regional FST above 0.1). Consider excluding from local pairwise comparisons ,LazaridisNature2014,HumanOrigins_AutosomalSNP
HumanOrigins_AutosomalSNP-265,Ontong_Java,,-5.3,159.4,onto1237,,Luangiua,OCEANIA,Solomon_Islands,8,596135.5,aust1307,Austronesian,automatically assigned by Robert F,,QinStonekingMBE2015,HumanOrigins_AutosomalSNP
HumanOrigins_AutosomalSNP-266,Orcadian,,59,-3,scot1243,,Scots,EURASIA,OrkneyIslands,13,595692.0,indo1319,Indo-European,general check ok,,PattersonGenetics2012,HumanOrigins_AutosomalSNP
HumanOrigins_AutosomalSNP-267,Oromo,,9,36.5,west2721,,West Central Oromo,AFRICA,Ethiopia,5,595908.0,afro1255,Afro-Asiatic,correct by Harald,,LazaridisNature2014,HumanOrigins_AutosomalSNP
HumanOrigins_AutosomalSNP-268,Oroqen,,50.433893,126.5,oroq1238,,Oroqen,EURASIA,China,9,595512.0,tung1282,Tungusic,automatically assigned by Robert F,,PattersonGenetics2012,HumanOrigins_AutosomalSNP
HumanOrigins_AutosomalSNP-269,Ossetian,,43.016667,44.65,osse1243,,Modern Ossetic,EURASIA,Russia,10,596572.0,indo1319,Indo-European,automatically assigned by Robert F,,LazaridisNature2014,HumanOrigins_AutosomalSNP
HumanOrigins_AutosomalSNP-270,Ossetian_Southern,,43.12,43.55,iron1242,,Iron Ossetian,EURASIA,Russia,6,588980.0,indo1319,Indo-European,correct by Harald,,Jeong_2019,HumanOrigins_AutosomalSNP
HumanOrigins_AutosomalSNP-271,Palestinian,,32,35,sout3123,,South Levantine Arabic,EURASIA,Israel,41,596100.0,afro1255,Afro-Asiatic,general check ok,,PattersonGenetics2012,HumanOrigins_AutosomalSNP
HumanOrigins_AutosomalSNP-272,Pathan,,33.487006,70.5,pash1269,,Pashto,EURASIA,Pakistan,24,595023.5,indo1319,Indo-European,general check ok,,PattersonGenetics2012,HumanOrigins_AutosomalSNP
HumanOrigins_AutosomalSNP-273,Peru_Quechua,,-13.5,-72,cusc1236,,Cusco Quechua,AMERICAS,Peru,5,595538.0,quec1387,Quechuan,correct by Chiara,,LazaridisNature2014,HumanOrigins_AutosomalSNP
HumanOrigins_AutosomalSNP-274,Piapoco,,3,-68,piap1246,,Piapoco,AMERICAS,Colombia,5,595330.0,araw1281,Arawakan,automatically assigned by Robert F,,PattersonGenetics2012,HumanOrigins_AutosomalSNP
HumanOrigins_AutosomalSNP-275,Pima,,29,-108,pima1248,,Pima Bajo,AMERICAS,Mexico,14,596413.5,utoa1244,Uto-Aztecan,automatically assigned by Robert F,,PattersonGenetics2012,HumanOrigins_AutosomalSNP
HumanOrigins_AutosomalSNP-276,Polish_Lublin,,51.25,22.566667,poli1260,,Polish,EURASIA,Poland,8,590259.5,indo1319,Indo-European,checked by Chiara,,LazaridisNature2016,HumanOrigins_AutosomalSNP
HumanOrigins_AutosomalSNP-277,Polish_Poznan,,52.24,16.92,poli1260,,Polish,EURASIA,Poland,15,590196.0,indo1319,Indo-European,checked by Chiara,,LazaridisNature2016,HumanOrigins_AutosomalSNP
HumanOrigins_AutosomalSNP-278,Punjabi,,31.5,74.3,panj1256,,Eastern Panjabi,EURASIA,Pakistan,8,596338.0,indo1319,Indo-European,automatically assigned by Robert F,,LazaridisNature2014,HumanOrigins_AutosomalSNP
HumanOrigins_AutosomalSNP-279,Puno,,-15.7662,-69.683,puno1238,,Puno Quechua,AMERICAS,Peru,7,596219.0,quec1387,Quechuan,correct by Chiara,,Barbieri_2018,HumanOrigins_AutosomalSNP
HumanOrigins_AutosomalSNP-280,Ranongga,,-8,156.6,ghan1242,,Ghanongga,OCEANIA,Solomon_Islands,6,596082.0,aust1307,Austronesian,checked by Chiara after B.Pakendorf,,QinStonekingMBE2015,HumanOrigins_AutosomalSNP
HumanOrigins_AutosomalSNP-281,Rennell_and_Bellona,,-11.4,159.9,renn1242,,Rennell-Bellona,OCEANIA,Solomon_Islands,7,596328.0,aust1307,Austronesian,automatically assigned by Robert F,The populations appear genetically drifted (median FST and median regional FST above 0.1). Consider excluding from local pairwise comparisons ,QinStonekingMBE2015,HumanOrigins_AutosomalSNP
HumanOrigins_AutosomalSNP-282,Romanian,,46.502222,22.950277,roma1327,,Romanian,EURASIA,Romania,10,590195.0,indo1319,Indo-European,checked by Chiara,,LazaridisNature2016,HumanOrigins_AutosomalSNP
HumanOrigins_AutosomalSNP-283,Russian,,61,40,russ1263,,Russian,EURASIA,Russia,23,596334.0,indo1319,Indo-European,automatically assigned by Robert F,,PattersonGenetics2012,HumanOrigins_AutosomalSNP
HumanOrigins_AutosomalSNP-284,Russian_Archangelsk_Krasnoborsky,,61.56,45.94,russ1263,,Russian,EURASIA,Russia,6,588248.0,indo1319,Indo-European,automatically assigned by Robert F,,Jeong_2019,HumanOrigins_AutosomalSNP
HumanOrigins_AutosomalSNP-285,Russian_Archangelsk_Leshukonsky,,64.9,45.74,russ1263,,Russian,EURASIA,Russia,5,588254.0,indo1319,Indo-European,automatically assigned by Robert F,,Jeong_2019,HumanOrigins_AutosomalSNP
HumanOrigins_AutosomalSNP-286,Russian_Archangelsk_Pinezhsky,,64,44.26,russ1263,,Russian,EURASIA,Russia,5,586828.0,indo1319,Indo-European,automatically assigned by Robert F,,Jeong_2019,HumanOrigins_AutosomalSNP
HumanOrigins_AutosomalSNP-287,Russian_Kaluga,,54.31,34.53,russ1263,,Russian,EURASIA,Russia,5,588218.0,indo1319,Indo-European,automatically assigned by Robert F,,Jeong_2019,HumanOrigins_AutosomalSNP
HumanOrigins_AutosomalSNP-288,Russian_Ryazan_Mihailovsky,,54.23,39.03,russ1263,,Russian,EURASIA,Russia,5,587157.0,indo1319,Indo-European,automatically assigned by Robert F,,Jeong_2019,HumanOrigins_AutosomalSNP
HumanOrigins_AutosomalSNP-289,Russian_Ryazan_Spassk_Ryazansky,,54.4,40.53,russ1263,,Russian,EURASIA,Russia,8,587992.5,indo1319,Indo-European,automatically assigned by Robert F,,Jeong_2019,HumanOrigins_AutosomalSNP
HumanOrigins_AutosomalSNP-290,Russian_Smolensk,,53.95,32.87,russ1263,,Russian,EURASIA,Russia,7,588057.0,indo1319,Indo-European,automatically assigned by Robert F,,Jeong_2019,HumanOrigins_AutosomalSNP
HumanOrigins_AutosomalSNP-291,Saharawi,,27.3,-8.9,hass1238,,Hassaniyya,AFRICA,WesternSahara,9,595851.0,afro1255,Afro-Asiatic,correct by Chiara,,LazaridisNature2014,HumanOrigins_AutosomalSNP
HumanOrigins_AutosomalSNP-292,San,,-18.937257,21.452448,juho1239,,South-Eastern Ju,AFRICA,Namibia,5,593235.0,kxaa1236,Kxa,general check ok,The populations appear genetically drifted (median FST and median regional FST above 0.1). Consider excluding from local pairwise comparisons ,PattersonGenetics2012,HumanOrigins_AutosomalSNP
HumanOrigins_AutosomalSNP-293,Sandawe,,-5.5,35.5,sand1273,,Sandawe,AFRICA,Tanzania,23,596373.0,sand1273,Sandawe,automatically assigned by Robert F,,LazaridisNature2014,HumanOrigins_AutosomalSNP
HumanOrigins_AutosomalSNP-294,Santa_Cruz,,-11.610733,166.85925,natu1250,,Natugu-Nalogo,OCEANIA,Solomon_Islands,8,596552.0,aust1307,Austronesian,correct by Harald_ checked by Chiara after B.Pakendorf,,QinStonekingMBE2015,HumanOrigins_AutosomalSNP
HumanOrigins_AutosomalSNP-295,Saposa,,-5.5833,154.67,sapo1253,,Saposa,OCEANIA,Papua_New_Guinea,10,588177.5,aust1307,Austronesian,checked by Chiara,,SkoglundNature2016,HumanOrigins_AutosomalSNP
HumanOrigins_AutosomalSNP-296,Sardinian,,40,9,sard1257,,Sardinian,EURASIA,Italy,28,595724.0,indo1319,Indo-European,automatically assigned by Robert F,,PattersonGenetics2012,HumanOrigins_AutosomalSNP
HumanOrigins_AutosomalSNP-297,Saudi,,18.490029,42.51709,hija1235,,Hijazi Arabic,EURASIA,SaudiArabia,10,596568.0,afro1255,Afro-Asiatic,automatically assigned by Robert F,,LazaridisNature2014,HumanOrigins_AutosomalSNP
HumanOrigins_AutosomalSNP-298,Savo,,-9.125138,159.800176,savo1255,,Savosavo,OCEANIA,Solomon_Islands,7,596554.0,savo1255,Savosavo,automatically assigned by Robert F,,QinStonekingMBE2015,HumanOrigins_AutosomalSNP
HumanOrigins_AutosomalSNP-299,Scottish_Borders,,55.5,-2.5,scot1245,,Scottish Gaelic,EURASIA,GreatBritain,6,589319.0,indo1319,Indo-European,checked by Chiara,,LazaridisNature2016,HumanOrigins_AutosomalSNP
HumanOrigins_AutosomalSNP-300,Scottish_Dumfries_Galloway,,55,-4,scot1245,,Scottish Gaelic,EURASIA,GreatBritain,5,589915.0,indo1319,Indo-European,checked by Chiara,,LazaridisNature2016,HumanOrigins_AutosomalSNP
HumanOrigins_AutosomalSNP-301,Scottish_Fife,,56.25,-3,scot1245,,Scottish Gaelic,EURASIA,GreatBritain,6,588944.5,indo1319,Indo-European,checked by Chiara,,LazaridisNature2016,HumanOrigins_AutosomalSNP
HumanOrigins_AutosomalSNP-302,Scottish_Grampian,,57.25,-2.25,scot1245,,Scottish Gaelic,EURASIA,GreatBritain,6,589776.0,indo1319,Indo-European,checked by Chiara,,LazaridisNature2016,HumanOrigins_AutosomalSNP
HumanOrigins_AutosomalSNP-303,Scottish_Highlands,,57.5,-4.25,scot1245,,Scottish Gaelic,EURASIA,GreatBritain,6,589520.0,indo1319,Indo-European,checked by Chiara,,LazaridisNature2016,HumanOrigins_AutosomalSNP
HumanOrigins_AutosomalSNP-304,Scottish_Shetlandic,,60.15,-1.15,scot1245,,Scottish Gaelic,EURASIA,GreatBritain,10,589781.5,indo1319,Indo-European,checked by Chiara,,LazaridisNature2016,HumanOrigins_AutosomalSNP
HumanOrigins_AutosomalSNP-305,Selkup,,65.534456,82.299485,selk1253,,Selkup,EURASIA,Russia,10,596176.0,ural1272,Uralic,automatically assigned by Robert F,,LazaridisNature2014,HumanOrigins_AutosomalSNP
HumanOrigins_AutosomalSNP-306,Selkup_Farkovo,,65.718073,86.979478,selk1253,,Selkup,EURASIA,Russia,8,589783.5,ural1272,Uralic,assigned by Chiara,,Flegontov_2019,HumanOrigins_AutosomalSNP
HumanOrigins_AutosomalSNP-307,Selkup_Turukhansk,,65.796083,87.952268,selk1253,,Selkup,EURASIA,Russia,6,586388.5,ural1272,Uralic,assigned by Chiara,,Flegontov_2019,HumanOrigins_AutosomalSNP
HumanOrigins_AutosomalSNP-308,Semende,,-4.0782,103.6437,cent2053,,South Barisan Malay,SOUTHEAST_ASIA,Indonesia,10,595507.5,aust1307,Austronesian,automatically assigned by Robert F,,QinStonekingMBE2015,HumanOrigins_AutosomalSNP
HumanOrigins_AutosomalSNP-309,She,,27,119,shee1238,,She,EURASIA,China,9,596290.0,hmon1336,Hmong-Mien,automatically assigned by Robert F,The populations appear genetically drifted (median FST and median regional FST above 0.1). Consider excluding from local pairwise comparisons ,PattersonGenetics2012,HumanOrigins_AutosomalSNP
HumanOrigins_AutosomalSNP-310,Shor_Khakassia,,53.3,90,shor1247,,Shor,EURASIA,Russia,5,589045.0,turk1311,Turkic,automatically assigned by Robert F,,Jeong_2019,HumanOrigins_AutosomalSNP
HumanOrigins_AutosomalSNP-311,Shor_Mountain,,52.75,88,shor1247,,Shor,EURASIA,Russia,7,588934.0,turk1311,Turkic,automatically assigned by Robert F,,Jeong_2019,HumanOrigins_AutosomalSNP
HumanOrigins_AutosomalSNP-312,Shua,,-20.550237,25.332131,shua1254,,Shua,AFRICA,Botswana,10,594946.0,khoe1240,Khoe-Kwadi,automatically assigned by Robert F,,PickrellNatureCommunications2012,HumanOrigins_AutosomalSNP
HumanOrigins_AutosomalSNP-313,Sicilian_East,,37.067,15.267,sici1248,,Sicilian,EURASIA,Italy,5,596195.0,indo1319,Indo-European,correct by Chiara,,LazaridisNature2014,HumanOrigins_AutosomalSNP
HumanOrigins_AutosomalSNP-314,Sicilian_West,,38.019,12.515,sici1248,,Sicilian,EURASIA,Italy,6,595849.0,indo1319,Indo-European,correct by Chiara,,LazaridisNature2014,HumanOrigins_AutosomalSNP
HumanOrigins_AutosomalSNP-315,Sindhi,,25.490636,69,sind1272,,Sindhi,EURASIA,Pakistan,24,594586.5,indo1319,Indo-European,automatically assigned by Robert F,,PattersonGenetics2012,HumanOrigins_AutosomalSNP
HumanOrigins_AutosomalSNP-316,Somali,,5.6,48.3,soma1255,,Somali,AFRICA,Kenya,13,595908.0,afro1255,Afro-Asiatic,automatically assigned by Robert F,,LazaridisNature2014,HumanOrigins_AutosomalSNP
HumanOrigins_AutosomalSNP-317,Spanish_Aragon,,41,-1,arag1245,,Aragonese,EURASIA,Spain,6,596371.0,indo1319,Indo-European,correct by Harald,,LazaridisNature2014,HumanOrigins_AutosomalSNP
HumanOrigins_AutosomalSNP-318,Spanish_Basque,,43.13,-2.08,basq1248,,Basque,EURASIA,Spain,9,595844.0,basq1248,Basque,automatically assigned by Robert F,,LazaridisNature2014,HumanOrigins_AutosomalSNP
HumanOrigins_AutosomalSNP-319,Spanish_Cantabria,,43.3,-4,astu1245,,Asturian-Leonese-Cantabrian,EURASIA,Spain,5,596273.0,indo1319,Indo-European,correct by Harald,,LazaridisNature2014,HumanOrigins_AutosomalSNP
HumanOrigins_AutosomalSNP-320,Spanish_CastillaLaMancha,,39.9,-4,cast1244,,Castilian,EURASIA,Spain,5,596273.0,indo1319,Indo-European,correct by Harald,,LazaridisNature2014,HumanOrigins_AutosomalSNP
HumanOrigins_AutosomalSNP-321,Spanish_CastillaLeon,,41.4,-4.5,cast1244,,Castilian,EURASIA,Spain,5,596310.0,indo1319,Indo-European,correct by Harald,,LazaridisNature2014,HumanOrigins_AutosomalSNP
HumanOrigins_AutosomalSNP-322,Spanish_Cataluna,,41.8,1.5,stan1289,,Catalan,EURASIA,Spain,5,596348.0,indo1319,Indo-European,correct by Chiara,,LazaridisNature2014,HumanOrigins_AutosomalSNP
HumanOrigins_AutosomalSNP-323,Spanish_Extremadura,,39,-6,extr1243,,Extremaduran,EURASIA,Spain,5,596382.0,indo1319,Indo-European,correct by Harald,,LazaridisNature2014,HumanOrigins_AutosomalSNP
HumanOrigins_AutosomalSNP-324,Spanish_Galicia,,42.5,-8.1,gali1258,,Galician,EURASIA,Spain,5,596134.0,indo1319,Indo-European,correct by Chiara,,LazaridisNature2014,HumanOrigins_AutosomalSNP
HumanOrigins_AutosomalSNP-325,Spanish_Murcia,,38,-1.1,murc1238,,Murcian,EURASIA,Spain,5,596496.0,indo1319,Indo-European,correct by Harald,,LazaridisNature2014,HumanOrigins_AutosomalSNP
HumanOrigins_AutosomalSNP-326,Spanish_PaisVasco,,42.8,-2.7,basq1248,,Basque,EURASIA,Spain,5,596323.0,basq1248,Basque,correct by Chiara,,LazaridisNature2014,HumanOrigins_AutosomalSNP
HumanOrigins_AutosomalSNP-327,Spanish_Valencia,,39.5,-0.4,stan1289,,Catalan,EURASIA,Spain,5,596257.0,indo1319,Indo-European,correct by Harald,,LazaridisNature2014,HumanOrigins_AutosomalSNP
HumanOrigins_AutosomalSNP-328,Sulka_Ganai,,-4.5,152.333,sulk1246,,Sulka,OCEANIA,Papua_New_Guinea,10,590549.5,sulk1246,Sulka,checked by Chiara,,SkoglundNature2016,HumanOrigins_AutosomalSNP
HumanOrigins_AutosomalSNP-329,Sulka_Watwat,,-4.483,152.3,sulk1246,,Sulka,OCEANIA,Papua_New_Guinea,9,590637.0,sulk1246,Sulka,checked by Chiara,,SkoglundNature2016,HumanOrigins_AutosomalSNP
HumanOrigins_AutosomalSNP-330,Surui,,-11,-62,suru1262,,Suruí,AMERICAS,Brazil,12,590434.0,tupi1275,Tupian,general check ok,The populations appear genetically drifted (median FST and median regional FST above 0.1). Consider excluding from local pairwise comparisons ,PattersonGenetics2012,HumanOrigins_AutosomalSNP
HumanOrigins_AutosomalSNP-331,Syrian,,35.128894,36.870117,turo1239,,Turoyo,EURASIA,Syrian,8,596533.5,afro1255,Afro-Asiatic,checked by Harald,,LazaridisNature2014,HumanOrigins_AutosomalSNP
HumanOrigins_AutosomalSNP-332,Taa_East,,-24.236516,22.820655,huaa1248,,East Taa,AFRICA,Botswana,8,595235.0,tuuu1241,Tuu,automatically assigned by Robert F,,PickrellNatureCommunications2012,HumanOrigins_AutosomalSNP
HumanOrigins_AutosomalSNP-333,Taa_North,,-23.014565,22.415858,xooo1239,,West !Xoon,AFRICA,Botswana,11,596055.0,tuuu1241,Tuu,automatically assigned by Robert F,,PickrellNatureCommunications2012,HumanOrigins_AutosomalSNP
HumanOrigins_AutosomalSNP-334,Taa_West,,-23.639938,20.272741,xooo1239,,West !Xoon,AFRICA,Botswana,15,595761.0,tuuu1241,Tuu,automatically assigned by Robert F,,PickrellNatureCommunications2012,HumanOrigins_AutosomalSNP
HumanOrigins_AutosomalSNP-335,Tabasaran,,41.96,47.82,taba1259,,Tabasaran,EURASIA,Russia,10,588840.5,nakh1245,Nakh-Daghestanian,automatically assigned by Robert F,,Jeong_2019,HumanOrigins_AutosomalSNP
HumanOrigins_AutosomalSNP-336,Tagalog,,14.6,120.98,taga1270,,Tagalog,SOUTHEAST_ASIA,Philippines,5,590359.0,aust1307,Austronesian,checked by Chiara,,SkoglundNature2016,HumanOrigins_AutosomalSNP
HumanOrigins_AutosomalSNP-337,Tajik,,37.9,72.166667,taji1245,,Tajik,EURASIA,Tajikistan,8,596536.5,indo1319,Indo-European,correct by Harald,,LazaridisNature2014,HumanOrigins_AutosomalSNP
HumanOrigins_AutosomalSNP-338,Tajik_Lowland_Kulyab,,37.9,69.77,kulj1234,,Kuljub,EURASIA,Tajikistan,7,588972.0,indo1319,Indo-European,correct by Harald,,Jeong_2019,HumanOrigins_AutosomalSNP
HumanOrigins_AutosomalSNP-339,Tajik_Mountain,,39.37,68.52,taji1245,,Tajik,EURASIA,Tajikistan,12,589038.0,indo1319,Indo-European,automatically assigned by Robert F,,Jeong_2019,HumanOrigins_AutosomalSNP
HumanOrigins_AutosomalSNP-340,Tatar_Kazan,,55.23,52.58,tata1255,,Tatar,EURASIA,Russia,13,588471.0,turk1311,Turkic,automatically assigned by Robert F,,Jeong_2019,HumanOrigins_AutosomalSNP
HumanOrigins_AutosomalSNP-341,Tatar_Mishar,,55,48.5,tata1255,,Tatar,EURASIA,Russia,9,588859.0,turk1311,Turkic,automatically assigned by Robert F,,Jeong_2019,HumanOrigins_AutosomalSNP
HumanOrigins_AutosomalSNP-342,Tatar_Siberian_Ishtyak_Toguz,,57.93,69.01,sibe1250,,Siberian Tatar,EURASIA,Russia,5,589163.0,turk1311,Turkic,correct by Harald,,Jeong_2019,HumanOrigins_AutosomalSNP
HumanOrigins_AutosomalSNP-343,Tatar_Siberian_Iskero_Tobolsk,,58.1,68.72,sibe1250,,Siberian Tatar,EURASIA,Russia,5,589288.0,turk1311,Turkic,correct by Harald,,Jeong_2019,HumanOrigins_AutosomalSNP
HumanOrigins_AutosomalSNP-344,Tatar_Siberian_Yalutorovsky,,56.89,66.52,sibe1250,,Siberian Tatar,EURASIA,Russia,6,588914.5,turk1311,Turkic,correct by Harald,,Jeong_2019,HumanOrigins_AutosomalSNP
HumanOrigins_AutosomalSNP-345,Tatar_Siberian_Zabolotniye,,58.41,67.46,sibe1250,,Siberian Tatar,EURASIA,Russia,5,588857.0,turk1311,Turkic,correct by Harald,,Jeong_2019,HumanOrigins_AutosomalSNP
HumanOrigins_AutosomalSNP-346,Teop,,-5.85,155.18,teop1238,,Teop,OCEANIA,Papua_New_Guinea,9,588614.0,aust1307,Austronesian,checked by Chiara,,SkoglundNature2016,HumanOrigins_AutosomalSNP
HumanOrigins_AutosomalSNP-347,Thai,,13.8,100.5,thai1261,,Thai,SOUTHEAST_ASIA,Thailand,8,596428.0,taik1256,Tai-Kadai,automatically assigned by Robert F,,LazaridisNature2014,HumanOrigins_AutosomalSNP
HumanOrigins_AutosomalSNP-348,Tigak,,-2.567,150.8333,tiga1245,,Tigak,OCEANIA,Papua_New_Guinea,9,590559.0,aust1307,Austronesian,checked by Chiara,,SkoglundNature2016,HumanOrigins_AutosomalSNP
HumanOrigins_AutosomalSNP-349,Tikopia,,-12.296678,168.824107,tiko1237,,Tikopia,OCEANIA,Solomon_Islands,6,596200.5,aust1307,Austronesian,automatically assigned by Robert F,,QinStonekingMBE2015,HumanOrigins_AutosomalSNP
HumanOrigins_AutosomalSNP-350,Tofalar,,54.217657,96.976046,kara1462,,Taiga Sayan Turkic,EURASIA,Russia,10,590254.0,turk1311,Turkic,checked by Chiara,,LazaridisNature2014,HumanOrigins_AutosomalSNP
HumanOrigins_AutosomalSNP-351,Tolai,,-4.311,152.128,mini1257,,Minigir-Tolai,OCEANIA,Papua_New_Guinea,10,590500.5,aust1307,Austronesian,checked by Chiara,,SkoglundNature2016,HumanOrigins_AutosomalSNP
HumanOrigins_AutosomalSNP-352,Tolai_Kabakada,,-4.483,152.1,kaba1283,,Kabakada,OCEANIA,Papua_New_Guinea,9,590377.0,aust1307,Austronesian,checked by Chiara,,SkoglundNature2016,HumanOrigins_AutosomalSNP
HumanOrigins_AutosomalSNP-353,Tongan,,-21.19,-175.18,tong1325,,Tonga (Tonga Islands),OCEANIA,Tonga,10,596034.0,aust1307,Austronesian,automatically assigned by Robert F,,QinStonekingMBE2015,HumanOrigins_AutosomalSNP
HumanOrigins_AutosomalSNP-354,Tshwa,,-21.024935,25.936576,tsoa1238,,Northern Tshwa,AFRICA,Botswana,8,594599.5,khoe1240,Khoe-Kwadi,automatically assigned by Robert F,,PickrellNatureCommunications2012,HumanOrigins_AutosomalSNP
HumanOrigins_AutosomalSNP-355,Tswana,,-24.066528,25.3656,tswa1253,,Tswana,AFRICA,Botswana,5,595937.0,atla1278,Atlantic-Congo,automatically assigned by Robert F,,PickrellNatureCommunications2012,HumanOrigins_AutosomalSNP
HumanOrigins_AutosomalSNP-356,Tu,,36,101,tuuu1240,,Monguoric,EURASIA,China,10,596264.0,mong1349,Mongolic-Khitan,automatically assigned by Robert F,,PattersonGenetics2012,HumanOrigins_AutosomalSNP
HumanOrigins_AutosomalSNP-357,Tubalar,,51.133333,87,kara1462,,Taiga Sayan Turkic,EURASIA,Russia,30,596287.0,turk1311,Turkic,correct by Harald,,LazaridisNature2014,HumanOrigins_AutosomalSNP
HumanOrigins_AutosomalSNP-358,Tubalar_2,,52.2,87.42,nort2686,,Northern Altai,EURASIA,Russia,5,585146.0,turk1311,Turkic,correct by Harald,,Jeong_2019,HumanOrigins_AutosomalSNP
HumanOrigins_AutosomalSNP-359,Tujia,,29,109,tuji1244,,Tujia,EURASIA,China,10,596117.5,sino1245,Sino-Tibetan,automatically assigned by Robert F,,PattersonGenetics2012,HumanOrigins_AutosomalSNP
HumanOrigins_AutosomalSNP-360,Tunisian,,36.82,10.17,tuni1259,,Tunisian Arabic,EURASIA,Tunisia,8,596048.0,afro1255,Afro-Asiatic,automatically assigned by Robert F,,LazaridisNature2014,HumanOrigins_AutosomalSNP
HumanOrigins_AutosomalSNP-361,Turkish_Adana,,37,35.316667,nucl1301,,Turkish,EURASIA,Turkey,10,597126.0,turk1311,Turkic,automatically assigned by Robert F,,LazaridisNature2014,HumanOrigins_AutosomalSNP
HumanOrigins_AutosomalSNP-362,Turkish_Aydin,,37.85,27.833333,nucl1301,,Turkish,EURASIA,Turkey,10,596725.5,turk1311,Turkic,automatically assigned by Robert F,,LazaridisNature2014,HumanOrigins_AutosomalSNP
HumanOrigins_AutosomalSNP-363,Turkish_Balikesir,,39.385,27.533,nucl1301,,Turkish,EURASIA,Turkey,11,596362.0,turk1311,Turkic,automatically assigned by Robert F,,LazaridisNature2014,HumanOrigins_AutosomalSNP
HumanOrigins_AutosomalSNP-364,Turkish_Istanbul,,41.016666,28.95,nucl1301,,Turkish,EURASIA,Turkey,11,597008.0,turk1311,Turkic,automatically assigned by Robert F,,LazaridisNature2014,HumanOrigins_AutosomalSNP
HumanOrigins_AutosomalSNP-365,Turkish_Kayseri,,38.733333,35.483333,nucl1301,,Turkish,EURASIA,Turkey,10,596785.0,turk1311,Turkic,automatically assigned by Robert F,,LazaridisNature2014,HumanOrigins_AutosomalSNP
HumanOrigins_AutosomalSNP-366,Turkish_Trabzon,,41,39.733333,nucl1301,,Turkish,EURASIA,Turkey,10,597007.0,turk1311,Turkic,automatically assigned by Robert F,,LazaridisNature2014,HumanOrigins_AutosomalSNP
HumanOrigins_AutosomalSNP-367,Turkmen,,42.463993,59.611816,turk1304,,Turkmen,EURASIA,Uzbekistan,7,596248.0,turk1311,Turkic,automatically assigned by Robert F,,LazaridisNature2014,HumanOrigins_AutosomalSNP
HumanOrigins_AutosomalSNP-368,Tuscan,,43,11,ital1282,,Italian,EURASIA,Italy,8,596614.0,indo1319,Indo-European,general check ok,,PattersonGenetics2012,HumanOrigins_AutosomalSNP
HumanOrigins_AutosomalSNP-369,Tuvinian,,50.259608,95.160313,tuvi1240,,Tuvinian,EURASIA,Russia,10,595718.0,turk1311,Turkic,automatically assigned by Robert F,,LazaridisNature2014,HumanOrigins_AutosomalSNP
HumanOrigins_AutosomalSNP-370,Tuvinian_2,,51.16,94.47,tuvi1240,,Tuvinian,EURASIA,Russia,10,588960.0,turk1311,Turkic,automatically assigned by Robert F,,Jeong_2019,HumanOrigins_AutosomalSNP
HumanOrigins_AutosomalSNP-371,Udmurt_Northern,,56.09,52.37,nort2676,,North Udmurt,EURASIA,Russia,5,589193.0,ural1272,Uralic,automatically assigned by Robert F,,Jeong_2019,HumanOrigins_AutosomalSNP
HumanOrigins_AutosomalSNP-372,Udmurt_Southern,,56.09,52.37,sout2681,,South Udmurt,EURASIA,Russia,5,588975.0,ural1272,Uralic,automatically assigned by Robert F,,Jeong_2019,HumanOrigins_AutosomalSNP
HumanOrigins_AutosomalSNP-373,Ukrainian_East,,50.287092,31.557404,ukra1253,,Ukrainian,EURASIA,Russia,6,596119.0,indo1319,Indo-European,automatically assigned by Robert F,,LazaridisNature2014,HumanOrigins_AutosomalSNP
HumanOrigins_AutosomalSNP-374,Ukrainian_Sumskaya,,50.82,33.87,ukra1253,,Ukrainian,EURASIA,Ukraine,5,588833.0,indo1319,Indo-European,automatically assigned by Robert F,,Jeong_2019,HumanOrigins_AutosomalSNP
HumanOrigins_AutosomalSNP-375,Ulchi,,51.93,140.41,ulch1241,,Ulch,EURASIA,Russia,32,596044.0,tung1282,Tungusic,automatically assigned by Robert F,,LazaridisNature2014,HumanOrigins_AutosomalSNP
HumanOrigins_AutosomalSNP-376,Uygur,,44,81,uigh1240,,Uighur,EURASIA,China,10,595793.0,turk1311,Turkic,automatically assigned by Robert F,,PattersonGenetics2012,HumanOrigins_AutosomalSNP
HumanOrigins_AutosomalSNP-377,Uzbek,,41.266667,69.216667,nort2690,,Northern Uzbek,EURASIA,Uzbekistan,10,594735.5,turk1311,Turkic,automatically assigned by Robert F,,LazaridisNature2014,HumanOrigins_AutosomalSNP
HumanOrigins_AutosomalSNP-378,Uzbek_Khorezm,,41.55,60.63,nort2690,,Northern Uzbek,EURASIA,Uzbekistan,8,588718.0,turk1311,Turkic,correct by Harald,,Jeong_2019,HumanOrigins_AutosomalSNP
HumanOrigins_AutosomalSNP-379,Uzbek_Tashkent,,41.3,69.27,nort2690,,Northern Uzbek,EURASIA,Uzbekistan,9,589020.0,turk1311,Turkic,automatically assigned by Robert F,,Jeong_2019,HumanOrigins_AutosomalSNP
HumanOrigins_AutosomalSNP-380,Vella_Lavella,,-7.9,156.7,bilu1245,,Bilua,OCEANIA,Solomon_Islands,6,596369.0,bilu1245,Bilua,automatically assigned by Robert F,,QinStonekingMBE2015,HumanOrigins_AutosomalSNP
HumanOrigins_AutosomalSNP-381,Veps,,61.27,35.02,veps1250,,Veps,EURASIA,Russia,10,589230.5,ural1272,Uralic,automatically assigned by Robert F,,Jeong_2019,HumanOrigins_AutosomalSNP
HumanOrigins_AutosomalSNP-382,Vietnamese_North,,21.03,105.85,viet1252,,Vietnamese,SOUTHEAST_ASIA,Vietnam,5,590412.0,aust1305,Austroasiatic,checked by Chiara,,SkoglundNature2016,HumanOrigins_AutosomalSNP
HumanOrigins_AutosomalSNP-383,Vietnamese_South,,10.82,106.64,viet1252,,Vietnamese,SOUTHEAST_ASIA,Vietnam,5,590413.0,aust1305,Austroasiatic,checked by Chiara,,SkoglundNature2016,HumanOrigins_AutosomalSNP
HumanOrigins_AutosomalSNP-384,Vishwabrahmin,,16.3,80.48,vish1243,,Vishavan,EURASIA,India,14,594607.0,drav1251,Dravidian,automatically assigned by Robert F,,LazaridisNature2014,HumanOrigins_AutosomalSNP
HumanOrigins_AutosomalSNP-385,Wambo,,-17.73,18.06,ndon1254,,Ndonga,AFRICA,Namibia,5,594376.0,atla1278,Atlantic-Congo,correct by AM Fehn,,PickrellNatureCommunications2012,HumanOrigins_AutosomalSNP
HumanOrigins_AutosomalSNP-386,Wayku,,-6.422091,-76.51988,sanm1289,,San Martín Quechua,AMERICAS,Peru,10,596511.5,quec1387,Quechuan,correct by Chiara,,Barbieri_2018,HumanOrigins_AutosomalSNP
HumanOrigins_AutosomalSNP-387,Xavante,,-14.333333,-52.5,xava1240,,Xavánte,AMERICAS,Brazil,9,588477.0,nucl1710,Nuclear-Macro-Je,automatically assigned by Robert F,,SkoglundNature2015,HumanOrigins_AutosomalSNP
HumanOrigins_AutosomalSNP-388,Xibo,,43.49793,81.5,xibe1242,,Xibe,EURASIA,China,9,596401.0,tung1282,Tungusic,general check ok,,PattersonGenetics2012,HumanOrigins_AutosomalSNP
HumanOrigins_AutosomalSNP-389,Xuun,,-18.69072,19.682631,kung1261,,North-Central Ju,AFRICA,Namibia,15,594727.0,kxaa1236,Kxa,correct by AM Fehn,,PickrellNatureCommunications2012,HumanOrigins_AutosomalSNP
HumanOrigins_AutosomalSNP-390,Yakut,,62.982878,129.5,yaku1245,,Sakha,EURASIA,Russia,25,596029.0,turk1311,Turkic,automatically assigned by Robert F,,PattersonGenetics2012,HumanOrigins_AutosomalSNP
HumanOrigins_AutosomalSNP-391,Yaquis,,27.5767,-109.9598,yaqu1251,,Yaqui,AMERICAS,Mexico,8,596401.0,utoa1244,Uto-Aztecan,correct by Chiara,,Barbieri_2018,HumanOrigins_AutosomalSNP
HumanOrigins_AutosomalSNP-392,Yemeni,,14.040673,44.571533,jude1267,,Judeo-Yemeni Arabic,EURASIA,Yemen,6,596609.0,afro1255,Afro-Asiatic,automatically assigned by Robert F,,LazaridisNature2014,HumanOrigins_AutosomalSNP
HumanOrigins_AutosomalSNP-393,Yi,,28,103,lolo1267,,Loloish,EURASIA,China,10,596684.0,sino1245,Sino-Tibetan,correct by Harald,,PattersonGenetics2012,HumanOrigins_AutosomalSNP
HumanOrigins_AutosomalSNP-394,Yoruba,,7.4,3.9,yoru1245,,Yoruba,AFRICA,Nigeria,75,594413.0,atla1278,Atlantic-Congo,automatically assigned by Robert F,,PattersonGenetics2012,HumanOrigins_AutosomalSNP
HumanOrigins_AutosomalSNP-395,Yukagir_Forest,,65.48,151,nort2745,,Northern Yukaghir,EURASIA,Russia,5,596963.0,yuka1259,Yukaghir,correct by Harald,,LazaridisNature2014,HumanOrigins_AutosomalSNP
HumanOrigins_AutosomalSNP-396,Yukagir_Tundra,,70.6,147.9,sout2750,,Southern Yukaghir,EURASIA,Russia,19,596451.0,yuka1259,Yukaghir,correct by Harald,,LazaridisNature2014,HumanOrigins_AutosomalSNP
HumanOrigins_AutosomalSNP-397,Zapotec,,17.016667,-96.516667,zapo1437,,Zapotec,AMERICAS,Mexico,12,595862.5,otom1299,Otomanguean,checked by Chiara,,LazaridisNature2014,HumanOrigins_AutosomalSNP
